,ID,Sequence,secondary,rc_secondary,dimer,rc_dimer,readout_off_target,sequence_off_target,transcriptome_off_target
0,20mer_ZEH0,CAAAGACAGTCATAATCAAG,0.0,0.0,-5.43,-5.71,-12.78,0.0,0
1,20mer_ZEH1,TATTTACGGAGTCTATCATA,0.0,0.0,-4.81,-4.74,-11.71,-7.98,0
2,20mer_ZEH2,GGAAGCTCTGTTACTAATAA,0.0,0.0,-6.73,-6.81,-12.75,-8.42,0
3,20mer_ZEH3,ATAAGTCTGAGACGGTTCCT,0.0,0.0,-6.4,-5.82,-12.39,-10.19,0
4,20mer_ZEH4,GGATATTCTGTTAGGCGACT,0.0,0.0,-7.66,-4.35,-12.69,-9.67,0
5,20mer_ZEH5,TACATCTTCATAGACGCATG,0.0,0.0,-7.82,-7.95,-12.16,-9.31,0
6,20mer_ZEH6,CTCTTTATTGCTTTAGATTG,0.0,-1.33,-4.35,-7.61,-14.5,-10.19,0
7,20mer_ZEH7,CGAAAGTTATGACTCTGTAT,0.0,0.0,-5.92,-5.29,-13.94,-10.71,0
8,20mer_ZEH8,GACTTTACAACAGTTACCTG,0.0,-1.36,-6.33,-6.51,-13.4,-11.69,0
9,20mer_ZEH9,GTATATCTACTCAGATATGA,-2.88,-1.03,-9.05,-6.32,-14.98,-14.04,0
10,20mer_ZEH10,ATAATAACAGACGAAGATAC,0.0,0.0,-5.66,-4.3,-13.01,-12.72,0
11,20mer_ZEH11,TAATCTGCATCTTGGTTTCT,0.0,0.0,-5.3,-6.01,-11.97,-11.17,0
12,20mer_ZEH12,ATAAACGGAGAGCAATGTCA,0.0,0.0,-4.95,-4.55,-12.24,-13.61,0
13,20mer_ZEH13,AGTTTACGTTACGCATTTGA,0.0,0.0,-6.63,-6.89,-12.02,-11.74,0
14,20mer_ZEH14,ATAGCGTTAGAAACATACAA,0.0,0.0,-4.62,-4.8,-13.36,-12.63,0
15,20mer_ZEH15,TTGTTATTCCTCGCGTATAT,0.0,0.0,-7.49,-8.86,-13.46,-11.44,0
16,20mer_ZEH16,CCTAGCTTACATTCGTGCTT,0.0,0.0,-6.49,-6.74,-13.74,-13.73,0
17,20mer_ZEH17,GGATATCTAAGCCTAAATTT,0.0,0.0,-5.45,-6.3,-11.4,-13.2,0
18,20mer_ZEH18,ATAAACCGATTAACTCGCGA,0.0,0.0,-8.49,-8.49,-14.77,-13.68,0
19,20mer_ZEH19,ATGGAGTCGTTATATTCACA,0.0,0.0,-4.27,-5.66,-12.26,-11.06,0
20,20mer_ZEH20,AACTAAGAAACGTATGACAT,0.0,0.0,-6.89,-6.63,-12.35,-11.03,0
21,20mer_ZEH21,TCTACTCGTCGCAAATCTGC,0.0,0.0,-4.99,-6.1,-12.76,-14.31,0
22,20mer_ZEH22,CCTTGACGAATACAGTATCA,0.0,0.0,-5.66,-5.79,-13.67,-11.61,0
23,20mer_ZEH23,ATCTCGTATAGAGTGAGACT,0.0,0.0,-5.26,-5.66,-13.66,-14.33,0
24,20mer_ZEH24,TCACAAGTAAGACTTGAGTA,-1.09,0.0,-7.96,-5.79,-14.17,-14.96,0
25,20mer_ZEH25,AATAATATTCGACGGAAACA,0.0,0.0,-5.29,-5.37,-12.2,-11.56,0
26,20mer_ZEH26,ATTACTAGCAATGAGAAGCA,0.0,0.0,-4.95,-4.54,-12.69,-14.44,0
27,20mer_ZEH27,CGGTGATATGTGTCTTTACT,0.0,0.0,-4.38,-5.19,-13.64,-13.71,0
28,20mer_ZEH28,ATGAAGAGAGACTGCCAATG,0.0,0.0,-4.62,-5.51,-14.13,-12.23,0
29,20mer_ZEH29,TGTATGGCACTATACTCCTT,0.0,0.0,-6.0,-4.92,-13.71,-12.34,0
30,20mer_ZEH30,CTGAAAGAATATGATCACAA,0.0,0.0,-6.41,-5.17,-12.15,-12.96,0
31,20mer_ZEH31,ACCAAAGCTGAATGATGGCA,0.0,0.0,-6.7,-6.65,-12.44,-14.4,0
32,20mer_ZEH32,GATTGTTCTCTGATTAAGCT,0.0,0.0,-6.7,-6.65,-14.41,-11.89,0
33,20mer_ZEH33,GCAAACCAAGAATGTTAGCT,0.0,0.0,-6.43,-6.64,-12.34,-14.06,0
34,20mer_ZEH34,TTAGCTAGCCCAATATTAGA,-1.8,-1.72,-7.73,-7.77,-14.47,-14.86,0
35,20mer_ZEH35,ACAGTAATCAAAGATGATCT,0.0,0.0,-6.42,-5.47,-14.08,-12.75,0
36,20mer_ZEH36,CAATTAGAAACGTTCCTGGA,0.0,0.0,-7.78,-7.87,-13.08,-14.02,0
37,20mer_ZEH37,ATCCAAATTTGACTTTAGCG,0.0,0.0,-7.63,-6.88,-13.14,-13.69,0
38,20mer_ZEH38,CATGAAACTGGCATCTGAAG,0.0,0.0,-6.03,-5.06,-14.43,-12.66,0
39,20mer_ZEH39,CACCTACTTTACGTTTGGCA,0.0,0.0,-6.63,-6.89,-12.97,-14.11,0
40,20mer_ZEH40,GAATACAATCGACGATCCAA,0.0,0.0,-8.04,-7.61,-12.9,-13.27,0
41,20mer_ZEH41,GAGACAGACATGTAACGATA,0.0,0.0,-7.57,-7.23,-14.13,-14.94,0
42,20mer_ZEH42,TTGTCAAATACTCAGGAATC,0.0,0.0,-4.12,-4.19,-13.42,-11.92,0
43,20mer_ZEH43,TGTTTAATCCCTTATAGGCT,0.0,0.0,-6.3,-5.39,-12.43,-13.41,0
44,20mer_ZEH44,TTGCTTTACAGACATGACTC,0.0,0.0,-6.29,-4.95,-13.03,-14.6,0
45,20mer_ZEH45,ATGTGTCTAGCTCTTGAAGG,0.0,0.0,-6.46,-6.8,-13.45,-12.35,0
46,20mer_ZEH46,AATACAGCAGCAATAAGATG,0.0,0.0,-5.46,-5.73,-14.18,-13.74,0
47,20mer_ZEH47,TGTGGTCCAACAGTAGAATA,0.0,0.0,-5.03,-6.06,-11.97,-12.31,0
48,20mer_ZEH48,TGTTGTCAGCAATCCGATCC,0.0,0.0,-5.19,-5.44,-13.82,-13.06,0
49,20mer_ZEH49,ATTTAGTCCCATGTTTCGAA,0.0,0.0,-6.37,-7.61,-12.62,-11.5,0
50,20mer_ZEH50,TTGATTGAGTCGGACTACCT,0.0,0.0,-7.99,-6.29,-12.01,-13.04,0
51,20mer_ZEH51,ATATCTAAGGAAACACGGAA,0.0,0.0,-4.81,-4.43,-13.18,-12.24,0
52,20mer_ZEH52,ATTGTCACGATAGAACACCA,0.0,0.0,-5.66,-6.35,-14.0,-12.52,0
53,20mer_ZEH53,AACGTGCAGACCTAAATAAT,0.0,0.0,-6.85,-6.8,-13.03,-12.93,0
54,20mer_ZEH54,ACTCTATGGAAAGTTCTCTA,0.0,0.0,-5.53,-5.74,-13.46,-12.86,0
55,20mer_ZEH55,TCTTCAAGGTTAAACGTTAG,0.0,0.0,-7.8,-7.54,-14.32,-13.65,0
56,20mer_ZEH56,AATACCGAAAGATGTTACGA,0.0,0.0,-5.66,-4.31,-13.22,-14.26,0
57,20mer_ZEH57,TAACTAGATCCTTTATGCAG,0.0,0.0,-5.69,-5.3,-11.0,-12.35,0
58,20mer_ZEH58,ATACTCTAAGTACGCACCGA,0.0,0.0,-5.19,-5.12,-14.22,-12.34,0
59,20mer_ZEH59,TAGTCTACCGATGTTCACAC,0.0,0.0,-6.8,-6.93,-13.23,-12.38,0
60,20mer_ZEH60,TGATATCGTACGGTTCACTT,0.0,0.0,-7.81,-8.55,-14.24,-13.93,0
61,20mer_ZEH61,TGGTCAGAGTCTATAACGTC,0.0,0.0,-6.88,-6.96,-13.89,-12.89,0
62,20mer_ZEH62,AGTAGCCAACCAGCATATCA,0.0,0.0,-4.95,-4.38,-13.77,-13.91,0
63,20mer_ZEH63,CCTCGTTTGAACTTAGTTAT,0.0,0.0,-6.27,-6.44,-12.93,-13.37,0
64,20mer_ZEH64,TTAGACAGATTTCTATGGCC,0.0,0.0,-7.31,-7.63,-13.31,-13.64,0
65,20mer_ZEH65,CAACTTTGGGCAATATCTAA,0.0,0.0,-4.91,-4.43,-12.77,-13.53,0
66,20mer_ZEH66,ACGGAGACTTTGAAACTTTC,0.0,0.0,-4.64,-6.78,-13.39,-13.95,0
67,20mer_ZEH67,CCTAGACTTCATGTTAAGAG,0.0,0.0,-5.21,-6.29,-13.67,-14.48,0
68,20mer_ZEH68,TGGGAAGATCTCCTACTTTG,0.0,0.0,-6.95,-7.03,-13.53,-14.27,0
69,20mer_ZEH69,AGAAATCATCTGGTTTATAC,0.0,0.0,-5.48,-4.86,-12.48,-12.51,0
70,20mer_ZEH70,TCACTGTGGGAACAATATAA,0.0,0.0,-6.01,-6.07,-13.24,-13.48,0
71,20mer_ZEH71,CTGAATTGAGAAAGAACACA,0.0,0.0,-4.98,-4.74,-14.71,-13.08,0
72,20mer_ZEH72,CTACAATCACGTGATTTAGC,0.0,0.0,-11.75,-11.79,-13.57,-13.6,0
73,20mer_ZEH73,AGATCTATCAGCCACACGTT,0.0,0.0,-6.8,-6.85,-12.32,-12.87,0
74,20mer_ZEH74,ATGTTGATTCAACGGGACCA,0.0,0.0,-6.53,-7.66,-13.45,-14.3,0
75,20mer_ZEH75,CTGGCAAATTCCTTCGTTAA,0.0,0.0,-5.52,-5.66,-13.08,-13.62,0
76,20mer_ZEH76,CGATAATATGTATAACTGCC,0.0,0.0,-5.19,-4.91,-10.68,-11.58,0
77,20mer_ZEH77,TTGTTCAGAATTCTTCGTCC,0.0,0.0,-7.78,-7.83,-12.19,-12.92,0
78,20mer_ZEH78,GCATATTGTGTGTCCAGTTA,0.0,0.0,-4.95,-4.32,-13.82,-12.88,0
79,20mer_ZEH79,ACGACGTTTGTGTTGCTTAT,0.0,0.0,-7.33,-7.08,-12.63,-14.88,0
80,20mer_ZEH80,CGGTACCTAGTCAACCAGAA,-0.91,-1.31,-8.94,-8.89,-13.53,-14.57,0
81,20mer_ZEH81,ACGCTAAGTCTGGTACTACT,0.0,0.0,-5.08,-5.12,-14.0,-13.63,0
82,20mer_ZEH82,GCGTGTCATTATAGTTCCAT,0.0,0.0,-4.95,-4.96,-13.41,-12.99,0
83,20mer_ZEH83,TAGATCGCAACCAACTGTAT,0.0,0.0,-4.88,-5.4,-14.66,-13.49,0
84,20mer_ZEH84,CTACTATTGTGCTATTTGTT,0.0,0.0,-4.55,-4.95,-14.78,-13.6,0
85,20mer_ZEH85,TACATCAAAGTTAACCTCGG,0.0,0.0,-5.62,-5.79,-13.1,-14.34,0
86,20mer_ZEH86,ACGTACATTAGTGTTTATTC,0.0,0.0,-6.79,-6.58,-13.8,-12.63,0
87,20mer_ZEH87,CGAACATAGGAAGACGCTGT,0.0,0.0,-5.29,-5.29,-13.41,-13.63,0
88,20mer_ZEH88,GTGATGTATAAGTCAGACCG,0.0,0.0,-9.58,-9.45,-12.67,-13.42,0
89,20mer_ZEH89,CAGATTTCTTAAAGGCAAAG,0.0,0.0,-4.95,-4.8,-14.07,-13.75,0
90,20mer_ZEH90,ATACAATATAAGTACCGAGT,0.0,0.0,-5.55,-5.14,-12.94,-14.27,0
91,20mer_ZEH91,GGTAAGTTCACATACATTCA,0.0,0.0,-4.28,-4.12,-13.38,-12.74,0
92,20mer_ZEH92,AGAAATGCATTCCGAACGTG,-0.97,-0.96,-8.65,-8.73,-14.27,-14.2,0
93,20mer_ZEH93,CTTGTTCGAGATAACTGGCA,0.0,0.0,-5.29,-5.29,-13.55,-14.59,0
94,20mer_ZEH94,CTGACTTAATCCGTTCGTTC,0.0,0.0,-3.93,-5.66,-13.75,-14.19,0
95,20mer_ZEH95,CTAACTGAGTACTATCTAGG,0.0,0.0,-6.98,-6.64,-12.22,-13.86,0
96,20mer_ZEH96,GAATAACTCAGATACCAAGG,0.0,0.0,-5.03,-4.13,-13.88,-14.03,0
97,20mer_ZEH97,GCATACTAGTGTCATTGTTC,0.0,0.0,-6.61,-6.82,-13.7,-13.36,0
98,20mer_ZEH98,TATACGCTCAGAAAGACTAT,0.0,0.0,-4.61,-4.41,-13.81,-13.72,0
99,20mer_ZEH99,AATAAATGTTGACCGCACGA,0.0,0.0,-5.66,-4.55,-12.7,-13.18,0
100,20mer_ZEH100,AAGTTTAACGCTGTCCCTAC,0.0,0.0,-4.8,-4.73,-13.99,-14.09,0
101,20mer_ZEH101,CACTAGTCCTATCTTCGAGT,0.0,0.0,-6.8,-6.93,-13.23,-13.87,0
102,20mer_ZEH102,AATGTAAACCTCGTCAGCAC,0.0,0.0,-5.74,-5.66,-14.06,-13.33,0
103,20mer_ZEH103,CACTTATCTGCCCGTTAGAA,0.0,0.0,-4.48,-4.91,-12.09,-14.75,0
104,20mer_ZEH104,TTCGATTATTTGGACCTGTA,0.0,0.0,-5.29,-5.92,-13.53,-14.14,0
105,20mer_ZEH105,CAAGCAACACTACAGGTCTA,0.0,0.0,-4.95,-4.35,-14.61,-14.6,0
106,20mer_ZEH106,GATGTTTATCTATTCTATCG,0.0,0.0,-5.06,-5.19,-12.53,-12.63,0
107,20mer_ZEH107,CGCTGTAAGACAAATATATT,0.0,0.0,-5.67,-5.76,-13.47,-12.78,0
108,20mer_ZEH108,TAAGAATGACCAGATGTTCA,0.0,-0.59,-4.93,-6.84,-14.86,-14.37,0
109,20mer_ZEH109,AACGAGCTAAGTCAGACTTA,0.0,0.0,-7.86,-8.55,-13.85,-14.56,0
110,20mer_ZEH110,TTAAGTTACATGGCTTACCT,0.0,0.0,-5.44,-5.17,-12.98,-14.48,0
111,20mer_ZEH111,AACAGGTTTATTCAAATCGT,0.0,0.0,-4.63,-5.66,-13.35,-13.83,0
112,20mer_ZEH112,ATTACTTAAAGCGACAGACG,-0.69,0.0,-5.88,-4.36,-13.77,-13.26,0
113,20mer_ZEH113,GACTAATTGTCATCTTAGAA,0.0,0.0,-4.91,-6.16,-14.33,-14.73,0
114,20mer_ZEH114,TGATTCTCTGATCTAGGCGG,0.0,0.0,-4.77,-5.21,-12.89,-14.31,0
115,20mer_ZEH115,GAACTAGGAACATACATATA,0.0,0.0,-4.84,-4.05,-11.47,-13.14,0
116,20mer_ZEH116,AGTTTCTTTACCATTGATGG,-0.78,0.0,-6.49,-5.76,-12.86,-13.58,0
117,20mer_ZEH117,TACAATAGCCAGCCAAGAAT,0.0,0.0,-4.91,-5.35,-14.02,-14.41,0
118,20mer_ZEH118,AAGTCGGAATTTGATGTCCC,0.0,0.0,-4.92,-5.19,-14.16,-14.37,0
119,20mer_ZEH119,ATAACACTGAGTTGCGCTGA,0.0,0.0,-7.74,-8.15,-13.66,-13.38,0
120,20mer_ZEH120,GCAACTAACTAGAATGGACC,0.0,0.0,-5.69,-4.55,-11.83,-14.22,0
121,20mer_ZEH121,AAAGCAATACTGCACTAAAG,0.0,0.0,-5.55,-6.25,-14.98,-14.52,0
122,20mer_ZEH122,TATGTCATCAGGCAAAGAAT,0.0,0.0,-4.91,-5.32,-14.15,-13.54,0
123,20mer_ZEH123,CTTAAGCGTCATTTAAGAAC,0.0,0.0,-5.26,-5.49,-13.28,-13.18,0
124,20mer_ZEH124,TGTGTCTCTTACCCGTAATT,0.0,0.0,-4.59,-4.85,-12.17,-14.02,0
125,20mer_ZEH125,TGAATTGATTCCTGTCAAAT,0.0,0.0,-5.16,-4.98,-13.97,-14.73,0
126,20mer_ZEH126,CAAAGATGTCAAGAACCTAA,0.0,0.0,-5.0,-4.68,-13.87,-13.53,0
127,20mer_ZEH127,ATTCCGTGATCAGTCAGATT,0.0,0.0,-5.27,-5.81,-14.61,-14.68,0
128,20mer_ZEH128,ACGTCATACGAAATATTTGT,-0.52,0.0,-7.64,-6.95,-14.1,-14.69,0
129,20mer_ZEH129,TGTTTATACACTGAATGTAC,0.0,0.0,-4.37,-5.13,-13.55,-13.47,0
130,20mer_ZEH130,GCGACCATATATTTAGATTA,0.0,0.0,-5.4,-4.74,-13.38,-13.57,0
131,20mer_ZEH131,TGACCAACTTAGAAGAATTA,0.0,0.0,-5.09,-4.57,-12.34,-13.77,0
132,20mer_ZEH132,AGAGAACTTGCAATTGACGT,0.0,0.0,-6.94,-7.06,-11.83,-13.48,0
133,20mer_ZEH133,TGTTATAGATACTACCGTTA,0.0,0.0,-4.47,-5.34,-13.4,-13.01,0
134,20mer_ZEH134,ATATAACAAATGCCGATGCA,0.0,0.0,-6.32,-5.6,-14.47,-13.21,0
135,20mer_ZEH135,TATGTTATGCTAGCTTCTTG,0.0,0.0,-7.77,-8.17,-13.61,-13.7,0
136,20mer_ZEH136,TTATTTCAGTGATTCATTCG,0.0,0.0,-5.3,-5.66,-12.7,-13.48,0
137,20mer_ZEH137,GTCGTAAATTACATAGCAGA,0.0,0.0,-4.95,-5.66,-12.36,-13.13,0
138,20mer_ZEH138,ACATGAGCCTTCCTATAGTC,0.0,0.0,-6.29,-5.74,-14.88,-14.45,0
139,20mer_ZEH139,ATTAAGTATTACAGCCTTGA,0.0,0.0,-4.91,-6.51,-13.32,-14.09,0
140,20mer_ZEH140,AGGCATAGTCGAGTCTAAAG,0.0,0.0,-5.83,-5.29,-13.31,-13.09,0
141,20mer_ZEH141,TTGCACTTGGAATTTAATTC,0.0,0.0,-5.88,-5.86,-12.71,-14.77,0
142,20mer_ZEH142,ACATGAAGACAATCAATAGA,0.0,0.0,-6.29,-4.93,-14.37,-14.38,0
143,20mer_ZEH143,AACTACTTAAATTGGCGTAT,0.0,0.0,-4.81,-4.76,-12.38,-14.33,0
144,20mer_ZEH144,CTACTTTGACTCGGTTACTT,0.0,0.0,-4.44,-5.19,-12.15,-13.08,0
145,20mer_ZEH145,TTGGAATTCAAACCGTAGTC,0.0,0.0,-6.04,-5.6,-13.53,-13.31,0
146,20mer_ZEH146,GGTCAAGATAACCATTTCTA,0.0,0.0,-5.66,-5.5,-14.67,-13.75,0
147,20mer_ZEH147,TAATAGCAATTCCAAGCGCC,0.0,0.0,-7.71,-7.75,-12.89,-14.63,0
148,20mer_ZEH148,ATATCTAGCTGTTTATCTTG,0.0,0.0,-6.43,-6.64,-12.13,-13.8,0
149,20mer_ZEH149,CGATTAGTAAACTCGTAATG,0.0,-0.62,-5.4,-5.66,-13.7,-14.78,0
150,20mer_ZEH150,GAACAACTAACAATATTGAG,0.0,0.0,-7.61,-6.25,-14.13,-14.3,0
151,20mer_ZEH151,AGTCTTGCCTTTGCGAGTAT,0.0,0.0,-5.4,-4.87,-13.23,-13.89,0
152,20mer_ZEH152,TATGGCTTAGTTTGCATGTC,0.0,0.0,-5.6,-6.32,-13.87,-13.37,0
153,20mer_ZEH153,ACGTACACAAAGGCATCATT,0.0,0.0,-6.62,-6.62,-12.94,-14.11,0
154,20mer_ZEH154,ATATGATCTGCCGTATGGTA,0.0,0.0,-4.77,-5.17,-13.31,-12.74,0
155,20mer_ZEH155,CAATTCACATGGTCCTAAAG,0.0,0.0,-5.44,-5.05,-13.03,-14.31,0
156,20mer_ZEH156,TTAGGGTACCAGCATTGTAT,-0.93,-0.64,-7.76,-7.32,-14.34,-14.84,0
157,20mer_ZEH157,ACGACTAATCTAAGATCAAG,0.0,0.0,-6.26,-5.84,-12.22,-13.05,0
158,20mer_ZEH158,CTTTGTATATCGTCTTTGCA,0.0,0.0,-5.88,-5.66,-14.12,-14.42,0
159,20mer_ZEH159,ACACTGATGTCAATAATTGC,0.0,0.0,-4.48,-5.74,-13.92,-13.76,0
160,20mer_ZEH160,ACAGATAACAATGCGTATTA,0.0,0.0,-4.19,-4.8,-12.73,-14.06,0
161,20mer_ZEH161,AGGTATCTCTTTCATTTGCT,0.0,0.0,-4.58,-4.95,-12.95,-14.11,0
162,20mer_ZEH162,AATATAGCCTCTGCTTTGAT,-0.62,-0.93,-6.1,-6.61,-13.72,-14.44,0
163,20mer_ZEH163,CTAAGAATAACGGGCCAACT,0.0,0.0,-7.59,-7.14,-12.05,-13.97,0
164,20mer_ZEH164,CTCTATCTAATGGTTATGAT,0.0,0.0,-4.77,-5.17,-11.84,-12.78,0
165,20mer_ZEH165,ATATTTAGAACAACCCGAGG,0.0,0.0,-5.19,-4.35,-12.84,-13.4,0
166,20mer_ZEH166,CTTCTTATGTTATGGAGGCC,0.0,0.0,-7.19,-9.21,-12.32,-13.98,0
167,20mer_ZEH167,CTAGAGATCAACTAATTGAA,0.0,0.0,-5.69,-4.75,-12.54,-14.91,0
168,20mer_ZEH168,TAGAATCCAGTACAGATTTG,0.0,0.0,-5.13,-4.81,-14.71,-13.39,0
169,20mer_ZEH169,ATGTCTTCTTGAGCAGTCCT,0.0,0.0,-4.95,-4.84,-14.97,-14.17,0
170,20mer_ZEH170,CATTATTGCGACATAGTTTA,0.0,0.0,-5.4,-4.63,-13.91,-13.45,0
171,20mer_ZEH171,AACCTTCATACGCTAATGGA,0.0,0.0,-4.85,-4.75,-13.69,-13.24,0
172,20mer_ZEH172,AGAATACAGTTCATTGCATC,0.0,0.0,-5.6,-6.32,-13.16,-14.92,0
173,20mer_ZEH173,TTGATTCGTCACTGTATTAT,0.0,0.0,-4.78,-5.67,-13.41,-14.84,0
174,20mer_ZEH174,TTTCGGATCGTGTAGAACTG,0.0,0.0,-5.86,-5.66,-13.15,-14.71,0
175,20mer_ZEH175,ATCTTAGTGTCGTTACTTCT,0.0,0.0,-4.94,-5.66,-13.78,-13.75,0
176,20mer_ZEH176,AGTATGCCATTGATATAACA,0.0,-0.26,-4.7,-7.57,-14.51,-13.79,0
177,20mer_ZEH177,CAGGATATGAATTCTAATCA,0.0,0.0,-5.68,-6.08,-12.41,-13.79,0
178,20mer_ZEH178,CTTGAGAATAGACTACTGGA,0.0,0.0,-4.64,-3.93,-12.78,-14.36,0
179,20mer_ZEH179,AACAGCTAACTTGACTAAGA,0.0,0.0,-6.64,-6.43,-14.05,-14.53,0
180,20mer_ZEH180,TTGAGTTTCCACTGAAAGGG,0.0,-0.95,-5.18,-6.1,-12.87,-13.39,0
181,20mer_ZEH181,GTCTTTATGTATTAGCGGCA,0.0,0.0,-6.16,-4.59,-13.08,-14.13,0
182,20mer_ZEH182,AAGGATTCCATTCAAGAAAC,0.0,0.0,-5.57,-5.77,-12.87,-13.14,0
183,20mer_ZEH183,TAAGATAATCCAGAGAAACG,-0.38,0.0,-6.89,-6.63,-14.37,-14.91,0
184,20mer_ZEH184,CAACAGGAAGCTTAAGGAGT,0.0,0.0,-7.71,-7.37,-12.46,-14.68,0
185,20mer_ZEH185,ATCTTCTGTTAGCCATATAG,0.0,0.0,-6.71,-6.96,-13.88,-13.21,0
186,20mer_ZEH186,TCTTGCAGAATCTGACATCT,0.0,0.0,-7.38,-5.8,-14.8,-13.84,0
187,20mer_ZEH187,ATAACAAGCTGCTAAGGTTT,0.0,0.0,-7.93,-6.99,-13.77,-13.75,0
188,20mer_ZEH188,CGAAATAATAGGAACTAAGC,0.0,0.0,-5.19,-4.56,-12.92,-14.55,0
189,20mer_ZEH189,TAGTAAACTGGGTGTCCATC,0.0,0.0,-5.07,-5.69,-13.93,-14.04,0
190,20mer_ZEH190,CTAAAGAAGTAGTCCAAAGA,-0.71,-0.62,-5.25,-5.5,-14.41,-14.88,0
191,20mer_ZEH191,CTGATTTATTGTCTATTGCC,0.0,0.0,-4.47,-4.91,-13.92,-13.57,0
192,20mer_ZEH192,TTTCGTAAGATAGGGATTCC,0.0,0.0,-5.21,-5.66,-13.8,-14.54,0
193,20mer_ZEH193,AGCAAGCATCGGGTATAGTA,0.0,0.0,-4.95,-5.19,-11.92,-13.79,0
194,20mer_ZEH194,GATTCGATAATGAGTTACAC,0.0,0.0,-6.79,-6.04,-12.13,-13.28,0
195,20mer_ZEH195,CCTCCAACAACTGAAGGATA,0.0,0.0,-5.94,-5.3,-14.09,-13.98,0
196,20mer_ZEH196,CATATGATTGGCATACTTAC,0.0,0.0,-6.23,-5.49,-12.7,-13.95,0
197,20mer_ZEH197,ATTACTATTGCAGGGTCGTT,0.0,0.0,-5.7,-5.66,-13.87,-13.28,0
198,20mer_ZEH198,AAATACTGATCTTCTATGGT,0.0,0.0,-4.77,-5.17,-12.12,-12.59,0
199,20mer_ZEH199,TGTGTCGTAATTATACTCCA,0.0,0.0,-4.58,-5.66,-14.01,-14.94,0
200,20mer_ZEH200,ATATACGAACTAGGCTAATC,0.0,0.0,-6.29,-4.51,-11.11,-13.63,0
201,20mer_ZEH201,ATTAAGCATAGTTCAACTGT,0.0,0.0,-5.87,-6.77,-13.94,-13.99,0
202,20mer_ZEH202,ATTAAGGCAAACTGATATTC,0.0,0.0,-4.91,-4.35,-12.38,-14.08,0
203,20mer_ZEH203,CCATCAAGTTTATAGTGTAG,0.0,0.0,-4.51,-4.56,-12.56,-14.57,0
204,20mer_ZEH204,ATAGATTCGCTTGAAACTAT,0.0,0.0,-6.53,-5.4,-13.53,-14.45,0
205,20mer_ZEH205,GATCTTGTACTACACCTGTC,0.0,0.0,-5.29,-5.29,-13.35,-12.54,0
206,20mer_ZEH206,AGCTGAGATTTGCTCTTAGA,0.0,0.0,-6.7,-6.65,-14.73,-14.63,0
207,20mer_ZEH207,ATATCCAGTTAGGTCAACGC,0.0,0.0,-4.8,-4.85,-14.46,-14.28,0
208,20mer_ZEH208,CCTGGCTTTGAGATATTTAT,0.0,0.0,-5.1,-5.39,-14.42,-14.71,0
209,20mer_ZEH209,TACCGTTACACGAGGCTTCT,0.0,-0.91,-6.62,-6.55,-14.09,-14.48,0
210,20mer_ZEH210,CATTTGATACGCTGCATGGA,0.0,0.0,-5.81,-6.01,-12.58,-13.71,0
211,20mer_ZEH211,AAACACTTAAGAACATTGAG,0.0,0.0,-6.6,-5.24,-13.42,-12.81,0
212,20mer_ZEH212,CTCCGATATGATATAGTGTC,0.0,0.0,-5.19,-4.25,-12.32,-13.71,0
213,20mer_ZEH213,TAGTAATTAGTTATTCGTCC,0.0,0.0,-4.58,-5.66,-12.35,-13.13,0
214,20mer_ZEH214,TCAATATCTTCCGTACTGGC,0.0,0.0,-4.35,-4.81,-14.77,-12.76,0
215,20mer_ZEH215,TGAGTGTCTTCTGAGTACTG,0.0,0.0,-6.93,-6.8,-13.24,-14.02,0
216,20mer_ZEH216,TCGGTCTTAAAGAATTTCCC,0.0,0.0,-5.12,-5.19,-13.89,-13.52,0
217,20mer_ZEH217,AGGATCTTATAACAGTTTCT,0.0,0.0,-4.85,-5.79,-12.56,-13.88,0
218,20mer_ZEH218,ATTATGCGAGAAGTCAGATC,0.0,0.0,-5.4,-5.34,-13.05,-14.98,0
219,20mer_ZEH219,TTATATAGGCTATTCTGCGG,0.0,0.0,-7.13,-4.52,-13.02,-14.68,0
220,20mer_ZEH220,GAATGTAGTCTGCCGAGTAT,0.0,0.0,-5.19,-4.91,-12.14,-13.93,0
221,20mer_ZEH221,TGAACTTTGTTGTCATTAAC,0.0,0.0,-4.59,-4.73,-12.6,-13.19,0
222,20mer_ZEH222,GGACATTCAATTAGGCATCA,0.0,0.0,-4.91,-4.54,-12.42,-14.58,0
223,20mer_ZEH223,ATTTAGTAAACGAATCGGGC,0.0,0.0,-6.55,-5.19,-13.58,-14.31,0
224,20mer_ZEH224,CATGGAAAGGATATGGACTC,0.0,0.0,-8.59,-9.93,-13.28,-14.98,0
225,20mer_ZEH225,GTTATACACCGACTATCCTG,0.0,0.0,-5.19,-5.65,-14.17,-14.39,0
226,20mer_ZEH226,GTCTAAACCGGAATGGTGAG,-1.05,-0.86,-8.34,-6.98,-13.14,-14.96,0
227,20mer_ZEH227,CTCTTAAATACCCGATTTGG,0.0,-0.65,-5.19,-5.24,-12.7,-14.91,0
228,20mer_ZEH228,TTTCGTGTAGTAATCCTCCC,0.0,0.0,-3.93,-5.66,-13.99,-14.42,0
229,20mer_ZEH229,TACTTTCTATAACGAGTTTG,0.0,0.0,-5.66,-5.21,-13.98,-13.61,0
230,20mer_ZEH230,CATGGTTTCAATCCGTTATA,0.0,0.0,-5.44,-4.89,-11.51,-14.18,0
231,20mer_ZEH231,AGAGTAAGTATTGTATCTCC,0.0,0.0,-4.37,-5.02,-14.49,-11.89,0
232,20mer_ZEH232,GTTATGCCTGTGTTCAATTG,0.0,0.0,-5.98,-6.72,-12.74,-14.68,0
233,20mer_ZEH233,CCGATTCCATCCTGTGTTTA,0.0,0.0,-5.19,-4.31,-13.66,-14.22,0
234,20mer_ZEH234,TTCTGAGTACTTTAACGTTA,0.0,0.0,-7.53,-7.53,-12.63,-14.94,0
235,20mer_ZEH235,AATTAATCTTCCAAATGGCG,0.0,0.0,-5.4,-5.95,-12.08,-14.52,0
236,20mer_ZEH236,ATGCATAAGCTCGATAAAGT,-0.52,-0.3,-7.49,-7.49,-13.67,-14.42,0
237,20mer_ZEH237,ATACTACGATAGTTAGGACA,-0.76,0.0,-7.19,-5.09,-12.91,-13.82,0
238,20mer_ZEH238,GTAAGGTATTATCTAACCAC,0.0,0.0,-6.79,-6.58,-12.84,-12.92,0
239,20mer_ZEH239,TCTGCTGACGACTTAAAGAA,0.0,0.0,-5.66,-4.95,-14.07,-14.95,0
240,20mer_ZEH240,CATAACGATTGGGTAATTTC,0.0,0.0,-5.66,-5.49,-13.02,-13.29,0
241,20mer_ZEH241,CTAGAATTAGAGGGTCACAA,0.0,0.0,-5.69,-4.57,-13.91,-13.56,0
242,20mer_ZEH242,GACCATAAATTGACGAACAG,0.0,0.0,-5.66,-4.76,-12.68,-13.24,0
243,20mer_ZEH243,GATCAATAGGTAAGAATTCC,0.0,0.0,-5.64,-5.68,-11.73,-14.01,0
244,20mer_ZEH244,AACACATAGACTTCGAGAAT,0.0,0.0,-5.29,-5.29,-13.91,-14.97,0
245,20mer_ZEH245,AAGCACATCGATTGGCATTT,0.0,0.0,-7.27,-7.31,-14.7,-14.61,0
246,20mer_ZEH246,AGATAGGATTCCGCTAGGTT,0.0,0.0,-4.78,-5.5,-12.2,-14.82,0
247,20mer_ZEH247,CAGACGAGACAATCCTATAC,0.0,0.0,-5.66,-4.01,-12.64,-14.85,0
248,20mer_ZEH248,TTCCAATCGTGGATCTTCAT,-0.46,0.0,-5.53,-5.66,-13.78,-14.49,0
249,20mer_ZEH249,ATGCTACTCAGACTGTCACA,0.0,0.0,-6.12,-6.08,-12.84,-14.82,0
250,20mer_ZEH250,AGCAGAGTTTATGTACTTCG,0.0,0.0,-5.29,-5.29,-11.7,-14.61,0
251,20mer_ZEH251,GATTTGGAGTACAACCCTCA,0.0,0.0,-5.13,-4.72,-14.67,-14.3,0
252,20mer_ZEH252,ACACCTGACTATGAATGTTG,0.0,0.0,-4.98,-4.32,-12.02,-14.03,0
253,20mer_ZEH253,TCATGCTTAGTGTACGGATT,0.0,0.0,-5.06,-6.03,-14.13,-14.31,0
254,20mer_ZEH254,TAGGAATAATTACGCAGCAG,0.0,0.0,-4.95,-5.3,-13.64,-13.83,0
255,20mer_ZEH255,TAATAATCCTGCTGACTTGC,0.0,0.0,-4.36,-4.95,-12.32,-14.1,0
256,20mer_ZEH256,ATAAGTTGTTTCGCGCTCTT,0.0,0.0,-7.63,-8.6,-14.41,-14.22,0
257,20mer_ZEH257,AAGTATCTATTTCCGCTGAC,0.0,0.0,-4.36,-4.48,-12.27,-14.31,0
258,20mer_ZEH258,ATCATATGATGCAAACCGGT,-1.08,-0.96,-10.39,-10.39,-13.26,-14.84,0
259,20mer_ZEH259,AACCTTTCGAGTAACAGCTT,0.0,0.0,-6.65,-7.21,-11.98,-14.77,0
260,20mer_ZEH260,GCCTAACATTCGTATCTCGT,0.0,-0.47,-4.47,-5.66,-14.41,-14.33,0
261,20mer_ZEH261,GCCTTCCTTATGTTATTGAC,0.0,0.0,-4.8,-4.88,-12.2,-14.84,0
262,20mer_ZEH262,TTGTGATCCCGGTTGATTTA,0.0,0.0,-6.87,-7.49,-13.69,-14.07,0
263,20mer_ZEH263,TAAGCAGTGAACTTCAAATT,0.0,0.0,-5.66,-6.39,-12.2,-13.93,0
264,20mer_ZEH264,TGCAATATATCGAATCCTGG,0.0,0.0,-5.92,-5.65,-13.71,-14.54,0
265,20mer_ZEH265,AAGACCTGATTATGACCTAT,0.0,0.0,-4.37,-3.93,-12.81,-14.49,0
266,20mer_ZEH266,TTCCTTATCCTTATCGCAGG,0.0,0.0,-5.69,-6.16,-13.49,-15.0,0
267,20mer_ZEH267,AGGATCAATTGCACGTACTA,0.0,0.0,-6.79,-6.94,-13.27,-14.67,0
268,20mer_ZEH268,ACCTTACTCGTGAATTGAGA,0.0,0.0,-4.87,-5.66,-13.94,-14.23,0
269,20mer_ZEH269,CAATGAAAGGAGACGCTAAT,0.0,0.0,-4.8,-4.41,-12.02,-13.9,0
270,20mer_ZEH270,AAATAGAGATGACCAACGAT,0.0,0.0,-5.66,-4.3,-12.78,-13.84,0
271,20mer_ZEH271,TTAATTTGAAGCGAACACCA,0.0,0.0,-5.4,-5.23,-12.0,-13.98,0
272,20mer_ZEH272,TTTCTTAAATCGTTTCAGCG,0.0,0.0,-4.41,-5.66,-13.8,-14.13,0
273,20mer_ZEH273,CTGGCATATGTCCACTCTTT,0.0,0.0,-5.46,-5.85,-14.42,-14.77,0
274,20mer_ZEH274,TGTACTAACTCGGTTTGTTG,0.0,0.0,-4.72,-5.19,-12.31,-14.62,0
275,20mer_ZEH275,GTCTTATTATCCTGCCTGTA,0.0,0.0,-4.47,-4.91,-12.65,-13.23,0
276,20mer_ZEH276,TGATACTAGAATACATCGTA,0.0,0.0,-5.69,-5.66,-12.05,-13.28,0
277,20mer_ZEH277,CACATTTAACGCAGGATGAA,0.0,0.0,-5.15,-4.43,-14.74,-14.87,0
278,20mer_ZEH278,TGTCTAATACCGCTTGCGAT,-0.81,0.0,-8.05,-7.52,-12.79,-14.26,0
279,20mer_ZEH279,TCTTAAGATCATACTGAAGT,0.0,-0.55,-6.23,-6.85,-14.63,-13.6,0
280,20mer_ZEH280,GAATAGAACTGGCTACAATG,0.0,0.0,-4.45,-4.51,-13.74,-14.54,0
281,20mer_ZEH281,GGAACAGTTGAATAGAGTCC,0.0,0.0,-7.97,-7.97,-13.95,-13.88,0
282,20mer_ZEH282,TTGTAGTCTAGTTTATCGCT,0.0,0.0,-4.43,-5.69,-12.49,-12.99,0
283,20mer_ZEH283,CCATCCAGATTTCAGTAGAC,0.0,0.0,-4.29,-4.34,-13.78,-14.64,0
284,20mer_ZEH284,TGACTATGGTACCATCTCAC,0.0,0.0,-10.33,-10.67,-13.11,-14.98,0
285,20mer_ZEH285,AAGATCGTAGACCATTTATA,0.0,0.0,-4.85,-5.66,-12.11,-14.93,0
286,20mer_ZEH286,TTCGCTAAATACGACTGTTG,0.0,0.0,-5.66,-5.4,-14.22,-14.23,0
287,20mer_ZEH287,CATAGGATTAGACATTAACA,0.0,0.0,-4.01,-3.93,-14.35,-14.04,0
288,20mer_ZEH288,ATCTTCGTTTGGATTGTGAC,0.0,0.0,-4.66,-5.66,-12.16,-14.72,0
289,20mer_ZEH289,CTTCTTCTTATGAGTTCAGT,0.0,0.0,-4.06,-4.6,-14.15,-14.22,0
290,20mer_ZEH290,CCCAATTAGAGAAATACATG,0.0,0.0,-5.43,-4.91,-11.49,-13.97,0
291,20mer_ZEH291,TTAAATCACCCACGAGAACG,-0.83,-0.74,-7.86,-7.52,-14.3,-13.62,0
292,20mer_ZEH292,CTCAGAAGGCTTATATTATG,0.0,0.0,-7.52,-4.95,-12.18,-13.51,0
293,20mer_ZEH293,GAAAGTATAGAAACGCGACT,-0.49,0.0,-8.86,-7.49,-14.43,-14.85,0
294,20mer_ZEH294,GTAAACATATCTCGCCCTGT,-0.79,0.0,-5.11,-5.4,-14.75,-14.65,0
295,20mer_ZEH295,GCAGGAAAGTGAACTATGAC,0.0,0.0,-5.2,-5.05,-12.76,-14.9,0
296,20mer_ZEH296,AGAAAGATTCTTCCATGCCT,0.0,0.0,-5.58,-6.27,-13.92,-13.91,0
297,20mer_ZEH297,ATACTATTAACGTCAGTGCA,0.0,0.0,-6.88,-6.96,-12.32,-13.6,0
298,20mer_ZEH298,CGTGTACTGTCTTTATTACT,0.0,0.0,-4.8,-5.66,-13.56,-14.57,0
299,20mer_ZEH299,TCCCTTAACTAGCGTTAACG,0.0,0.0,-8.69,-9.08,-14.87,-12.98,0
300,20mer_ZEH300,ATGGACTACAACTACGGAAT,0.0,0.0,-4.81,-4.27,-12.09,-14.09,0
301,20mer_ZEH301,ACATCATAGTAGTTATATCG,0.0,0.0,-5.29,-5.29,-12.53,-13.04,0
302,20mer_ZEH302,TTCTATTCGTAGTGCGTAGA,0.0,-0.66,-4.41,-6.98,-13.91,-14.7,0
303,20mer_ZEH303,GTATCTAGTCTACATGAAGA,0.0,0.0,-6.29,-5.69,-12.56,-14.84,0
304,20mer_ZEH304,GTTGACAGAAATTTGTTCTC,0.0,0.0,-5.78,-5.66,-14.55,-14.81,0
305,20mer_ZEH305,CTAAGTATAAGCCGTTTGGC,-1.26,0.0,-7.22,-7.63,-13.97,-14.47,0
306,20mer_ZEH306,ATTAGGTCATAGTAGCAACG,0.0,0.0,-5.66,-4.55,-13.05,-14.04,0
307,20mer_ZEH307,GTTAGAAGTGTCAAACCCGC,0.0,0.0,-7.39,-8.56,-13.55,-14.08,0
308,20mer_ZEH308,CCACTAACACCTCGGTAAGT,0.0,0.0,-5.52,-5.74,-14.32,-14.35,0
309,20mer_ZEH309,TGGAAATACTCGTATCTGTC,0.0,0.0,-4.4,-5.66,-13.21,-13.64,0
310,20mer_ZEH310,TGTAATAATCTGCGCTTCAA,0.0,0.0,-7.74,-8.15,-13.01,-14.89,0
311,20mer_ZEH311,GTCCGCTTATGTATCATAGA,0.0,0.0,-4.35,-4.98,-11.66,-14.84,0
312,20mer_ZEH312,GACATTTAATACTCGTGGTT,0.0,0.0,-4.34,-5.66,-12.38,-14.32,0
313,20mer_ZEH313,TACTTCAATAGGATCTCGGC,0.0,0.0,-4.78,-5.19,-14.9,-14.4,0
314,20mer_ZEH314,CCGTATGTATATATAATGCT,0.0,0.0,-4.51,-4.95,-12.64,-14.04,0
315,20mer_ZEH315,CTAGTAACACACCAAAGGCT,0.0,0.0,-6.54,-5.69,-12.82,-14.93,0
316,20mer_ZEH316,ACTGATAATGTTACCTGCTT,0.0,0.0,-4.55,-4.95,-12.66,-13.96,0
317,20mer_ZEH317,ATGGTATTGCAAACGAGACG,0.0,0.0,-7.23,-6.5,-12.73,-14.2,0
318,20mer_ZEH318,ATAGAATCTCTGGCTTATGT,0.0,0.0,-5.01,-4.74,-13.28,-13.93,0
319,20mer_ZEH319,CGAAACTTAGTATAATTTGC,0.0,0.0,-5.31,-5.55,-14.54,-12.79,0
320,20mer_ZEH320,ATTCTGTTAACATTAGCTTG,0.0,0.0,-6.49,-7.09,-12.94,-13.98,0
321,20mer_ZEH321,GTCCTAAACTAGTCGACCCA,0.0,0.0,-7.68,-7.73,-13.75,-14.14,0
322,20mer_ZEH322,ATCTAAGATATCATGTGCGC,0.0,0.0,-8.14,-9.39,-13.31,-13.94,0
323,20mer_ZEH323,ATTATAAGCACAGCTAGCCA,0.0,0.0,-7.73,-7.77,-13.45,-14.29,0
324,20mer_ZEH324,GTCTCTAAAGCCCTTGATCG,0.0,-0.77,-4.51,-5.84,-13.27,-13.3,0
325,20mer_ZEH325,TTACCAGAGTTAAAGGACTA,0.0,0.0,-5.28,-5.07,-12.93,-13.5,0
326,20mer_ZEH326,TACATTGATCGCCATGGAGA,0.0,0.0,-10.18,-8.01,-14.17,-14.94,0
327,20mer_ZEH327,TCATTGCCGTAAACGCTGAT,0.0,0.0,-5.61,-5.59,-13.63,-14.73,0
328,20mer_ZEH328,TAGTTATCCGGCTAGTCTAG,0.0,0.0,-7.11,-8.08,-12.54,-14.15,0
329,20mer_ZEH329,ATAAATAAACAGTATCCGGT,0.0,0.0,-6.98,-8.34,-13.41,-13.32,0
330,20mer_ZEH330,TTGCATATATAACTAAGGTC,0.0,0.0,-5.6,-6.32,-12.38,-13.85,0
331,20mer_ZEH331,CCTTCTGGTACCTAAGACTT,0.0,0.0,-7.4,-7.8,-14.51,-14.98,0
332,20mer_ZEH332,TGTCTATTAGAAATTGGTCC,0.0,0.0,-4.81,-5.05,-12.55,-14.82,0
333,20mer_ZEH333,GTGACCTACTAGCCTTATTT,0.0,0.0,-4.83,-6.55,-13.07,-13.59,0
334,20mer_ZEH334,TGTATTACTCCCGCTAGAAA,0.0,0.0,-5.43,-4.55,-12.89,-13.45,0
335,20mer_ZEH335,TCGTACCAAGAGATCGTAGG,0.0,-0.47,-5.52,-6.61,-13.41,-14.63,0
336,20mer_ZEH336,TCGTCCTACTGTGTCAACAA,0.0,0.0,-4.52,-5.66,-13.42,-14.3,0
337,20mer_ZEH337,ACATTAAGTGAGACACTGGA,0.0,0.0,-6.37,-5.67,-14.73,-13.77,0
338,20mer_ZEH338,TCTTGTATCCTATCGTATTG,0.0,0.0,-4.3,-5.66,-13.57,-13.51,0
339,20mer_ZEH339,AGAGAACGTCAATTTGTCTG,0.0,0.0,-6.88,-6.96,-12.7,-14.76,0
340,20mer_ZEH340,GTGTCCTCTCATCTAGACAT,0.0,0.0,-7.53,-7.4,-13.36,-14.77,0
341,20mer_ZEH341,CCCTGTATCTCTAGCTTTAG,0.0,0.0,-6.49,-6.74,-12.58,-14.25,0
342,20mer_ZEH342,AATAATATTAGACTACGCGA,0.0,0.0,-8.86,-7.49,-14.92,-14.37,0
343,20mer_ZEH343,CATCTTGTGTCTTTATTAAG,0.0,0.0,-4.95,-4.93,-13.53,-14.97,0
344,20mer_ZEH344,TCAACAGATAGAACGATCAA,0.0,0.0,-5.66,-4.01,-14.24,-14.06,0
345,20mer_ZEH345,TCATAACTAAGAATGTGGAC,0.0,0.0,-4.58,-4.99,-13.17,-14.75,0
346,20mer_ZEH346,TGGATGCGTATAACTCTGAA,0.0,0.0,-4.41,-4.8,-12.29,-14.81,0
347,20mer_ZEH347,TACAACTCCTGCATGTGATC,0.0,0.0,-5.3,-7.02,-13.69,-13.39,0
348,20mer_ZEH348,CTATGATAAGGCCGCACTAA,0.0,0.0,-6.84,-6.95,-12.5,-13.79,0
349,20mer_ZEH349,CGGCACAGAACCATATAAAT,0.0,0.0,-4.91,-5.19,-11.82,-13.65,0
350,20mer_ZEH350,ATACTATTTGCTTGCATGGT,0.0,0.0,-5.6,-6.32,-14.22,-13.35,0
351,20mer_ZEH351,ATTCACCAGTTAGTTCTATG,0.0,0.0,-4.01,-4.47,-12.07,-14.14,0
352,20mer_ZEH352,CTGACGTAACTCACTGTATC,0.0,0.0,-6.95,-6.61,-12.87,-13.86,0
353,20mer_ZEH353,TTCGTGTTTACTATTATCTG,0.0,0.0,-4.3,-5.66,-13.61,-14.88,0
354,20mer_ZEH354,GAACCAACCCGTTGTAAATT,0.0,0.0,-4.81,-5.77,-13.81,-14.52,0
355,20mer_ZEH355,AAGTACTAATTGCGCCGTAC,0.0,0.0,-7.66,-8.1,-13.6,-14.32,0
356,20mer_ZEH356,TGACACTACACGACAAAGTA,0.0,0.0,-5.66,-4.94,-13.84,-14.79,0
357,20mer_ZEH357,CCACTTTAATTGTTGGAAGA,0.0,0.0,-5.51,-4.41,-14.94,-13.86,0
358,20mer_ZEH358,TAAATCATAGCTGGACTCGA,0.0,0.0,-6.43,-6.64,-13.79,-14.41,0
359,20mer_ZEH359,GTGTTTGTCCATTCCTACAT,0.0,0.0,-7.21,-7.42,-14.38,-14.56,0
360,20mer_ZEH360,AATTTATTTAGCCTAGTGCT,-0.83,-1.29,-5.47,-6.29,-13.11,-13.68,0
361,20mer_ZEH361,GGTATTATCTCTTGATGTTC,0.0,0.0,-4.44,-5.19,-13.54,-14.83,0
362,20mer_ZEH362,ACTATACTATGAGAAGAAGC,0.0,0.0,-4.95,-4.55,-12.16,-14.96,0
363,20mer_ZEH363,ATCACGAATTACCAGTGGCA,0.0,0.0,-7.48,-4.56,-14.26,-14.88,0
364,20mer_ZEH364,GTTAATAACTTTGGCCCTTG,0.0,0.0,-7.14,-7.59,-11.55,-14.42,0
365,20mer_ZEH365,ATTAAGTTCTTAAGTCCAGT,0.0,0.0,-5.24,-6.6,-13.28,-14.97,0
366,20mer_ZEH366,CATTTCTAACACTATGAGGC,0.0,0.0,-7.63,-7.22,-12.51,-13.15,0
367,20mer_ZEH367,AAATACTCATAGCAATAGAG,0.0,0.0,-5.22,-4.55,-14.19,-14.27,0
368,20mer_ZEH368,AGAGTGAAGCAAACCTAGTT,0.0,0.0,-4.95,-5.38,-13.39,-15.0,0
369,20mer_ZEH369,CGGTTTCTTTCATACTTCGA,0.0,0.0,-5.29,-5.37,-13.54,-14.67,0
370,20mer_ZEH370,GCGATAATCCACAAGATCAT,0.0,0.0,-5.4,-6.03,-12.56,-14.55,0
371,20mer_ZEH371,GATTCAATTCGGTCATTTAA,0.0,0.0,-4.74,-5.19,-14.15,-14.05,0
372,20mer_ZEH372,GTCTTATGGGTGCACGTTTA,0.0,0.0,-7.69,-7.76,-13.6,-13.82,0
373,20mer_ZEH373,TAATCGTTTATCCCGTTGAG,0.0,0.0,-3.39,-5.66,-13.58,-14.64,0
374,20mer_ZEH374,CTTGTATAACCGGGTAGACT,0.0,0.0,-8.27,-6.87,-11.65,-14.23,0
375,20mer_ZEH375,AGTGAAATAGCCCTTAAAGG,0.0,0.0,-7.69,-6.44,-12.98,-13.44,0
376,20mer_ZEH376,ACTTGAGGTTCCAAATAGCA,0.0,0.0,-4.95,-5.35,-14.07,-14.43,0
377,20mer_ZEH377,ACAATTGGGAATTCACACAC,-0.88,0.0,-7.92,-5.73,-13.5,-14.22,0
378,20mer_ZEH378,TATCTGGTTAGTTTCATCTC,0.0,0.0,-3.83,-4.64,-11.46,-14.05,0
379,20mer_ZEH379,TGTAATGACCGGCTTATTCT,0.0,0.0,-7.48,-7.09,-14.82,-14.41,0
380,20mer_ZEH380,ATCTAGAGTGACATACAATA,0.0,0.0,-5.32,-5.32,-13.39,-13.1,0
381,20mer_ZEH381,TAACAGACCCTAGGTGTAAT,0.0,0.0,-6.29,-7.52,-13.46,-13.44,0
382,20mer_ZEH382,AGAATATCAAATACGTCGGA,0.0,0.0,-6.61,-6.95,-12.52,-13.54,0
383,20mer_ZEH383,GTATATCATGGATTATACGC,0.0,0.0,-10.65,-10.65,-14.04,-14.24,0
384,20mer_ZEH384,ACTTAACGTACTACTTAGAG,0.0,0.0,-6.89,-6.63,-14.2,-14.1,0
385,20mer_ZEH385,CTCTAGTCTCTACTGTGAAT,0.0,0.0,-4.93,-5.69,-12.7,-14.12,0
386,20mer_ZEH386,ATTTGTCCGAAGCAAATTGG,0.0,0.0,-5.13,-5.59,-13.58,-14.78,0
387,20mer_ZEH387,TGAAATTATAAACAGATCCG,0.0,0.0,-4.85,-4.81,-13.49,-14.42,0
388,20mer_ZEH388,AATCTTCATATGCCGTGCCA,0.0,0.0,-5.48,-6.45,-14.35,-13.83,0
389,20mer_ZEH389,GTTCTTCCAGCTTTAACGAT,0.0,0.0,-6.65,-6.7,-12.17,-13.46,0
390,20mer_ZEH390,TACTTAAACTGGTCTATATG,0.0,0.0,-4.72,-5.13,-13.94,-13.59,0
391,20mer_ZEH391,GACTTGTTGCAGTACGAAAT,0.0,0.0,-5.66,-5.71,-13.36,-14.95,0
392,20mer_ZEH392,TTGCTGATTTCCAAGTGTGA,0.0,0.0,-4.55,-4.95,-13.08,-14.64,0
393,20mer_ZEH393,TATTAGTACCTTAACCGTGT,0.0,-0.49,-4.69,-5.81,-14.21,-14.56,0
394,20mer_ZEH394,AATATGAAACATCAGGAACA,0.0,0.0,-4.97,-4.46,-12.46,-13.6,0
395,20mer_ZEH395,AGTGTATACTCTCCCAGTTG,0.0,-0.62,-5.7,-6.04,-14.47,-14.47,0
396,20mer_ZEH396,CAATTTGTCGCCTTCAGCTT,0.0,0.0,-6.65,-6.7,-13.39,-14.81,0
397,20mer_ZEH397,ATCAACGTAGCAACATCTGA,0.0,0.0,-6.89,-6.63,-12.59,-14.34,0
398,20mer_ZEH398,AGAGTAAATCACGCTAGTGT,0.0,0.0,-4.8,-5.16,-13.49,-14.85,0
399,20mer_ZEH399,AAATCTCTATCATTACGGGT,0.0,0.0,-4.81,-4.28,-13.66,-14.42,0
400,20mer_ZEH400,TTGTAATAAACTTAAGGTCC,0.0,0.0,-7.01,-7.73,-12.73,-13.14,0
401,20mer_ZEH401,AATGTACCTCCTGAATTCGC,0.0,0.0,-4.89,-5.4,-12.02,-14.45,0
402,20mer_ZEH402,GAATAGTCGCACATAGTCTA,0.0,0.0,-5.6,-5.4,-13.6,-14.54,0
403,20mer_ZEH403,ACATTCATTCAGAAGAGGGA,0.0,0.0,-4.14,-3.9,-14.28,-14.35,0
404,20mer_ZEH404,ACCTAAAGCAAACGTGTTAA,0.0,0.0,-6.85,-6.8,-12.76,-14.93,0
405,20mer_ZEH405,ATGCTCTATTAAAGGGACTC,0.0,0.0,-5.38,-6.03,-14.09,-13.75,0
406,20mer_ZEH406,GAGAACTGACCCTAATACTA,0.0,0.0,-5.69,-4.33,-14.23,-14.77,0
407,20mer_ZEH407,AATTGTGTTGACACTTACTA,0.0,0.0,-5.94,-6.11,-14.78,-14.57,0
408,20mer_ZEH408,CTATAAGACACGATACGCCA,0.0,0.0,-5.66,-4.41,-13.03,-14.47,0
409,20mer_ZEH409,GTTCCTTCGATTCCGTATTA,0.0,-0.49,-5.29,-6.9,-13.65,-13.72,0
410,20mer_ZEH410,CCTTTGTTACTTTATCTGGA,0.0,0.0,-4.85,-4.63,-13.29,-13.84,0
411,20mer_ZEH411,CGCTATAGACTTAGACGTTT,0.0,0.0,-6.96,-6.88,-12.93,-14.9,0
412,20mer_ZEH412,AATATTTAGGCCCAAGATTT,0.0,0.0,-7.19,-7.23,-12.13,-13.93,0
413,20mer_ZEH413,TTATAGTAGCTCACTAGAAA,0.0,0.0,-6.46,-6.8,-12.02,-12.57,0
414,20mer_ZEH414,ATCTTTCGTTATGCCGAGTT,0.0,0.0,-5.19,-5.66,-13.95,-14.65,0
415,20mer_ZEH415,ACGTCTGATGTAGTAAGGCT,0.0,0.0,-6.55,-6.95,-14.36,-14.9,0
416,20mer_ZEH416,AAGTTTAGTGGTGCTCAGTC,0.0,0.0,-4.55,-4.95,-13.34,-13.25,0
417,20mer_ZEH417,TCATATAGGCCATCTAGGAA,0.0,0.0,-7.63,-7.22,-12.35,-14.53,0
418,20mer_ZEH418,ATCATTCTCGACGGTATATA,0.0,0.0,-5.29,-5.37,-12.83,-14.46,0
419,20mer_ZEH419,AGGATTTCAATTCTTCTAGC,0.0,0.0,-4.95,-5.69,-13.64,-14.87,0
420,20mer_ZEH420,TAATTGTACTTTGCGATTCA,0.0,0.0,-5.4,-5.13,-13.96,-14.8,0
421,20mer_ZEH421,TTATTCGTTAGCCCACATCG,0.0,-0.47,-4.51,-6.61,-14.5,-14.3,0
422,20mer_ZEH422,AGTTCATCTTTCCCGTAGTA,0.0,0.0,-4.25,-5.06,-12.93,-14.46,0
423,20mer_ZEH423,AATAAAGAAGACCGTTAATC,0.0,0.0,-3.94,-5.33,-13.26,-14.82,0
424,20mer_ZEH424,GTGATGCTACCATTTAGTAG,0.0,0.0,-5.51,-7.34,-13.06,-14.54,0
425,20mer_ZEH425,ATGGGATAACTGCGAACAAT,0.0,0.0,-5.4,-4.63,-12.4,-14.84,0
426,20mer_ZEH426,CATAACTGAAGTAAGATCCT,0.0,0.0,-5.2,-5.05,-14.87,-14.82,0
427,20mer_ZEH427,GATAGATACTACAGTGCACA,0.0,0.0,-8.53,-8.12,-12.32,-14.85,0
428,20mer_ZEH428,CTCTCACTACTGGAACTATG,0.0,0.0,-4.55,-4.99,-13.19,-14.73,0
429,20mer_ZEH429,AAAGCACACTTTAGGAAGGT,0.0,0.0,-4.95,-4.76,-14.04,-14.92,0
430,20mer_ZEH430,AACCATTATCGCCGAAATGA,0.0,0.0,-6.05,-8.3,-13.9,-14.28,0
431,20mer_ZEH431,TGAAATACCAGAGTTCTCAA,0.0,0.0,-4.37,-5.02,-13.27,-14.69,0
432,20mer_ZEH432,GATTCTCTCGGGTAAATTAA,0.0,0.0,-4.85,-5.36,-12.09,-14.63,0
433,20mer_ZEH433,AAGTCAAGCAGTATACCAAG,0.0,0.0,-4.95,-5.15,-13.07,-14.51,0
434,20mer_ZEH434,ATTCATAGCTAGAACTTGGC,0.0,0.0,-6.48,-6.48,-14.57,-13.86,0
435,20mer_ZEH435,TCTAGCATAAAGCCAATGAG,0.0,0.0,-4.99,-5.43,-13.03,-14.81,0
436,20mer_ZEH436,GCATAACTTTACTGTATGAT,0.0,0.0,-7.81,-7.48,-13.13,-14.62,0
437,20mer_ZEH437,CTTGCGTATTGGGTTCGTAA,0.0,-0.86,-4.44,-7.39,-14.74,-14.56,0
438,20mer_ZEH438,GGTAACTACATAATTCCTGT,0.0,0.0,-4.57,-5.05,-12.94,-13.34,0
439,20mer_ZEH439,CTTATTGTTATCCGATGATT,0.0,0.0,-5.19,-5.27,-12.12,-13.31,0
440,20mer_ZEH440,CATTTAATAGACAACGTAGT,-0.62,0.0,-7.69,-7.47,-12.37,-14.09,0
441,20mer_ZEH441,CTAATGAGTTAACTAGTTGC,0.0,-0.79,-7.89,-7.73,-12.85,-13.25,0
442,20mer_ZEH442,AAATTACATTCGCTAAGGAT,0.0,0.0,-4.85,-5.4,-13.8,-14.71,0
443,20mer_ZEH443,TCAATAGATCAAACAAGTAG,0.0,0.0,-5.17,-4.77,-12.55,-14.34,0
444,20mer_ZEH444,TACCTGATCTGATGTATCCG,0.0,0.0,-5.36,-5.17,-13.62,-14.61,0
445,20mer_ZEH445,TTCGTACTAGAGGGTAATGC,0.0,0.0,-5.69,-5.66,-11.19,-13.94,0
446,20mer_ZEH446,ATATACGGAAACTTCGTCTA,0.0,-0.66,-5.53,-6.73,-13.04,-14.95,0
447,20mer_ZEH447,TTACATGGCTCTTACGTATA,0.0,-0.38,-6.62,-6.62,-14.43,-14.46,0
448,20mer_ZEH448,ATTACACTTAAAGATGAGTC,0.0,0.0,-7.42,-5.22,-12.82,-13.61,0
449,20mer_ZEH449,TCTTTCTCTTGCTGAATAGT,0.0,0.0,-4.55,-4.95,-12.54,-14.76,0
450,20mer_ZEH450,ATATACCAAATGCTGAGACA,0.0,0.0,-4.47,-4.95,-12.36,-14.21,0
451,20mer_ZEH451,AAGATATGTTCTGTCGATTC,0.0,0.0,-5.29,-5.29,-14.01,-13.85,0
452,20mer_ZEH452,AATATACTGTGTCACCGTTT,0.0,0.0,-5.04,-6.96,-13.27,-14.8,0
453,20mer_ZEH453,GTTAAATACTGTTGTGCATC,0.0,0.0,-4.95,-5.66,-12.74,-14.56,0
454,20mer_ZEH454,CATATATTACCTAGTGGTAA,0.0,-0.73,-5.29,-5.53,-12.98,-14.54,0
455,20mer_ZEH455,GAAACTTAACTGCAAACTGC,0.0,0.0,-5.4,-5.7,-13.43,-14.96,0
456,20mer_ZEH456,TATAGTACATGACAGCCACT,0.0,0.0,-6.29,-5.07,-12.68,-13.93,0
457,20mer_ZEH457,GTAGAAGATAAACTAAGCTC,0.0,0.0,-6.73,-6.81,-11.23,-14.55,0
458,20mer_ZEH458,TAGCAATTTGTTACCGGTTC,0.0,0.0,-9.31,-9.57,-12.93,-14.09,0
459,20mer_ZEH459,CTGGGTAATACGATAGAAAC,0.0,0.0,-6.28,-5.37,-14.15,-13.96,0
460,20mer_ZEH460,CTGATCAAGGCCAAATATTT,0.0,0.0,-7.63,-7.22,-14.48,-13.67,0
461,20mer_ZEH461,TCTATTCCCTGTTGATATTG,0.0,0.0,-4.43,-4.35,-14.92,-14.57,0
462,20mer_ZEH462,ATCTGACAGGTCTATACACT,0.0,0.0,-5.17,-5.61,-14.23,-14.59,0
463,20mer_ZEH463,CTCTGTATGTTTCCAAGATT,0.0,0.0,-4.67,-5.36,-13.51,-14.12,0
464,20mer_ZEH464,ATAGAGACCTCAATTTGACA,0.0,0.0,-4.98,-5.16,-12.83,-14.73,0
465,20mer_ZEH465,ATACTTACATTGAAGGTACC,0.0,0.0,-7.8,-7.4,-13.3,-14.38,0
466,20mer_ZEH466,AATGATTGCTGCCTTTGTTT,0.0,0.0,-5.65,-5.41,-11.69,-14.94,0
467,20mer_ZEH467,TTATTATCATAGTGCAGAAC,0.0,0.0,-5.07,-5.18,-12.52,-13.74,0
468,20mer_ZEH468,GAATTATTACTTGCCGGGAA,0.0,0.0,-11.32,-7.0,-12.07,-13.48,0
469,20mer_ZEH469,TGATCAGTTTAATCAGAACC,-0.67,-1.55,-7.84,-9.27,-14.86,-14.65,0
470,20mer_ZEH470,TAGTATCAGCAAAGAAACCA,0.0,0.0,-4.95,-4.55,-12.51,-14.74,0
471,20mer_ZEH471,AATACCAAGCTTAGAACGCG,0.0,0.0,-8.86,-7.34,-14.26,-14.2,0
472,20mer_ZEH472,GGTGGTTAATGTCAATCTTC,0.0,0.0,-4.44,-5.19,-12.61,-13.96,0
473,20mer_ZEH473,ATATCAGCCTTATTGTATAG,0.0,0.0,-5.59,-6.51,-11.95,-13.52,0
474,20mer_ZEH474,GACTATCAAATGCGGCTTTC,0.0,0.0,-5.76,-5.29,-12.67,-14.91,0
475,20mer_ZEH475,CTCTTAGCAAACATAAGTAG,0.0,0.0,-6.46,-6.8,-14.83,-14.76,0
476,20mer_ZEH476,TTATCGGATGCTATCGTATG,0.0,0.0,-5.06,-5.66,-12.98,-14.54,0
477,20mer_ZEH477,TAGTCTTTAACAAGTTGTAC,0.0,0.0,-7.8,-6.98,-12.31,-13.21,0
478,20mer_ZEH478,AACTTTAAGGAATGACAACT,0.0,0.0,-4.51,-4.23,-13.14,-13.42,0
479,20mer_ZEH479,TAAGTACTTACGTTCGAGGT,-1.31,-1.46,-7.56,-9.54,-14.51,-14.24,0
480,20mer_ZEH480,ATTCAAATTAGTTTACCGAG,0.0,0.0,-5.19,-4.59,-12.97,-14.75,0
481,20mer_ZEH481,CTTAACCATCAACGAGTGTA,0.0,0.0,-5.66,-5.16,-13.31,-14.51,0
482,20mer_ZEH482,GACCATCTATAGTCTACGCA,0.0,0.0,-6.28,-6.11,-13.09,-13.94,0
483,20mer_ZEH483,GAATAGTATCTGTCCTCTTC,0.0,0.0,-5.8,-7.52,-13.46,-13.87,0
484,20mer_ZEH484,TGATATGGTTTCCCTTTACC,0.0,-0.86,-5.33,-7.39,-13.39,-14.42,0
485,20mer_ZEH485,TAAATTTATCAGTAGGCATC,0.0,0.0,-5.49,-5.49,-12.95,-13.24,0
486,20mer_ZEH486,CAGAAAGTAGATTGTCGCAC,0.0,0.0,-4.63,-5.4,-12.64,-14.49,0
487,20mer_ZEH487,TCATGTTGCCAATAGTTCAA,0.0,0.0,-4.93,-6.29,-14.35,-14.22,0
488,20mer_ZEH488,TCTGCGAACTGTTTACTCCA,0.0,0.0,-5.86,-5.1,-14.6,-14.43,0
489,20mer_ZEH489,TCACTACGGTAGGCAGTTAG,0.0,0.0,-6.23,-5.69,-13.91,-14.46,0
490,20mer_ZEH490,CTTTGCTCATGATTAGGTCC,0.0,0.0,-5.92,-5.92,-12.9,-14.71,0
491,20mer_ZEH491,ATATAGTGAGCGGTGCTACA,0.0,0.0,-6.33,-5.54,-13.89,-14.12,0
492,20mer_ZEH492,ATAGGTTCAACGCCAAGCTA,0.0,0.0,-6.74,-6.49,-13.95,-14.37,0
493,20mer_ZEH493,ATTCCTGGATTCATTATGTT,0.0,0.0,-5.96,-5.6,-12.22,-14.94,0
494,20mer_ZEH494,GCTATATGAACTAGCATGTC,-0.96,-1.12,-5.99,-6.04,-14.49,-14.68,0
495,20mer_ZEH495,ATGTTACTATCGGTTTCAGA,0.0,0.0,-4.56,-5.19,-13.37,-14.05,0
496,20mer_ZEH496,CAAATTCATGACCGGTTAGT,0.0,0.0,-9.63,-9.55,-14.72,-14.35,0
497,20mer_ZEH497,CTAATTCTCCTGTGGAATCA,0.0,0.0,-4.81,-5.26,-14.13,-14.83,0
498,20mer_ZEH498,TAGAATGTCGATTTATCTTC,0.0,0.0,-5.83,-6.54,-13.56,-14.35,0
499,20mer_ZEH499,GTCCATCCTAAGTAGAACAT,0.0,0.0,-7.5,-7.58,-12.54,-13.67,0
500,20mer_ZEH500,GCTTAATTAACAGAGTAGTC,0.0,0.0,-4.43,-5.4,-13.06,-13.35,0
501,20mer_ZEH501,CAACATAAGTACGAACGTCT,0.0,0.0,-6.88,-6.96,-12.27,-14.85,0
502,20mer_ZEH502,GGTACAGACTAGATTATTCG,0.0,0.0,-5.69,-5.19,-13.62,-13.94,0
503,20mer_ZEH503,ATAGTCACCGGAACATAAGA,0.0,0.0,-8.34,-6.98,-13.04,-14.53,0
504,20mer_ZEH504,GACATTGTGATAGCTTAACT,0.0,0.0,-6.49,-6.74,-13.28,-14.3,0
505,20mer_ZEH505,ACATTTATATCAGCTGTTCG,0.0,0.0,-7.73,-9.09,-12.89,-14.54,0
506,20mer_ZEH506,ATTCTAGGTATCTTTAGTCA,0.0,0.0,-4.74,-5.21,-12.32,-13.85,0
507,20mer_ZEH507,CTAGAAATAATGACCTTTGA,0.0,0.0,-5.69,-4.33,-12.69,-13.9,0
508,20mer_ZEH508,TGCTCCTGTATAAGTTGAGA,0.0,0.0,-4.85,-4.95,-12.19,-14.62,0
509,20mer_ZEH509,TGGTGGATCTTTATACTCTT,0.0,0.0,-4.78,-4.74,-11.98,-13.91,0
510,20mer_ZEH510,TCATAGGTAATTGCCTGCTA,0.0,0.0,-5.17,-6.02,-13.25,-14.63,0
511,20mer_ZEH511,ACATCTTGGCTCATCCGATT,0.0,0.0,-5.19,-5.33,-13.99,-14.63,0
512,20mer_ZEH512,CATAAATTGGATCCAAAGCG,0.0,0.0,-10.12,-9.4,-14.64,-14.98,0
513,20mer_ZEH513,TTTATAGCGATATTGGCCCA,0.0,0.0,-7.14,-8.8,-13.37,-14.75,0
514,20mer_ZEH514,TCTGTTCATGTCCGATTAGA,0.0,0.0,-6.65,-6.86,-13.47,-14.4,0
515,20mer_ZEH515,GCTCTAATTTATTCTGTGAG,0.0,0.0,-7.38,-4.91,-11.77,-14.74,0
516,20mer_ZEH516,GACATAAATACCTAGGAATA,0.0,0.0,-8.37,-7.0,-12.77,-13.28,0
517,20mer_ZEH517,TACACCCTATAAGGAGAACT,0.0,0.0,-5.71,-5.21,-13.89,-13.95,0
518,20mer_ZEH518,AAACCTAATATGGATAGACG,0.0,0.0,-5.66,-4.27,-11.9,-13.76,0
519,20mer_ZEH519,TATGTTCATCTCACTTGGTT,0.0,0.0,-4.29,-5.14,-11.91,-14.63,0
520,20mer_ZEH520,GATATTTAGGAGTCAATCCA,0.0,0.0,-5.1,-4.66,-13.79,-14.78,0
521,20mer_ZEH521,TAGAAGAACCTAGACCATTA,0.0,0.0,-5.21,-4.47,-13.43,-13.97,0
522,20mer_ZEH522,TATTCTACTTCGTCCGGTAT,0.0,-0.66,-6.98,-8.34,-12.39,-14.61,0
523,20mer_ZEH523,TATATGTTCTAACCATGTTG,0.0,0.0,-4.82,-6.15,-13.67,-13.85,0
524,20mer_ZEH524,TTGGTCAATTGTAGATCCTC,0.0,0.0,-5.83,-7.2,-13.75,-14.6,0
525,20mer_ZEH525,CTAAATACTTAAGACAGCAG,0.0,0.0,-7.15,-7.62,-12.95,-14.72,0
526,20mer_ZEH526,AACTAAGAGAACTACAGAGT,0.0,0.0,-5.87,-5.03,-14.16,-13.97,0
527,20mer_ZEH527,AAATGGTATCCGTAAGTTAC,0.0,0.0,-5.51,-4.89,-12.69,-14.74,0
528,20mer_ZEH528,TATAAATTCTGCGTGCGATT,0.0,0.0,-6.66,-6.58,-12.77,-13.97,0
529,20mer_ZEH529,TAAATACACGTAACAGTAGA,0.0,0.0,-6.79,-6.58,-11.72,-14.24,0
530,20mer_ZEH530,CTATTGGGTCTATCTTTATT,0.0,0.0,-3.69,-4.0,-14.36,-14.35,0
531,20mer_ZEH531,ACAAGGCTTCGTAAATTCTA,-0.59,0.0,-7.35,-5.66,-13.27,-14.6,0
532,20mer_ZEH532,CTATCTAGGCAACCGTCTAT,0.0,0.0,-4.91,-5.21,-11.63,-14.4,0
533,20mer_ZEH533,TCATTATAACTCAGAGAGTA,0.0,0.0,-6.0,-5.51,-12.36,-13.28,0
534,20mer_ZEH534,GTCTCTAGGGCATAAATGAC,0.0,0.0,-7.72,-8.12,-12.96,-15.0,0
535,20mer_ZEH535,AGACAATAAACCTTATGGAA,0.0,0.0,-4.82,-4.37,-14.66,-14.81,0
536,20mer_ZEH536,TAGACTCAATGATGTAGGTC,0.0,0.0,-7.75,-7.71,-13.9,-14.82,0
537,20mer_ZEH537,TATAAGCAAGGAAACTTAAC,-0.82,0.0,-6.6,-4.55,-12.08,-14.58,0
538,20mer_ZEH538,AGCTAATAGTGGTATCTCGT,0.0,0.0,-6.48,-6.48,-12.33,-14.32,0
539,20mer_ZEH539,GTGATACAATCTCGATAATA,0.0,0.0,-5.29,-5.29,-12.47,-14.92,0
540,20mer_ZEH540,AGTACAAGTTTGCTGCAGAG,0.0,0.0,-8.83,-7.86,-13.34,-14.97,0
541,20mer_ZEH541,AATAAAGGTACTCGATAACT,0.0,0.0,-4.98,-5.29,-12.89,-14.34,0
542,20mer_ZEH542,CATTGAAGCTGCATTTACCT,0.0,0.0,-6.7,-6.65,-14.19,-14.76,0
543,20mer_ZEH543,CTATTCTAATTGGAGTCATT,0.0,0.0,-4.51,-4.75,-13.14,-13.73,0
544,20mer_ZEH544,CGTCATCATGTATCGTAAAC,0.0,-0.59,-4.93,-7.46,-14.25,-14.33,0
545,20mer_ZEH545,TAGTTTAGCCCTCGTACTTC,0.0,0.0,-4.96,-5.69,-13.23,-14.46,0
546,20mer_ZEH546,AATCTTATCCTAGGGCTTTA,0.0,0.0,-7.15,-7.89,-12.61,-14.12,0
547,20mer_ZEH547,TTCACATTAGCATTAGTTGT,0.0,0.0,-4.95,-4.99,-14.6,-14.18,0
548,20mer_ZEH548,GGCACTATTACCAATACAAG,0.0,0.0,-7.47,-4.47,-12.84,-14.4,0
549,20mer_ZEH549,AGGCGATTTCTCTTTACTTT,0.0,0.0,-5.4,-4.4,-12.95,-13.72,0
550,20mer_ZEH550,TTAACTGATTCGATGGTCAA,0.0,0.0,-5.29,-5.92,-13.7,-14.91,0
551,20mer_ZEH551,TCTACGTTATCCATAGGACG,-0.91,-0.87,-7.47,-7.81,-13.56,-14.79,0
552,20mer_ZEH552,TAGTTTATCCTCGAATGAAT,0.0,0.0,-5.29,-5.29,-12.38,-14.59,0
553,20mer_ZEH553,TCTATATAGTAATGCAGTCT,0.0,0.0,-5.96,-6.53,-12.69,-14.47,0
554,20mer_ZEH554,TTAGGTAAACAGCATATACA,0.0,0.0,-4.95,-4.55,-12.71,-14.11,0
555,20mer_ZEH555,AGTGATATCCGTGACGAAAT,0.0,0.0,-7.59,-6.16,-14.15,-14.16,0
556,20mer_ZEH556,CGAAAGAACGAATAATTCAT,0.0,0.0,-5.66,-5.29,-13.79,-14.92,0
557,20mer_ZEH557,CAGATTAGACTCCGATTAAT,0.0,0.0,-6.18,-5.99,-12.45,-14.77,0
558,20mer_ZEH558,CTTATTACTATCGGGTGTTT,0.0,0.0,-4.44,-5.19,-12.08,-14.76,0
559,20mer_ZEH559,ACCTGAACCTTAGTCATAGA,0.0,0.0,-4.24,-4.18,-13.12,-14.04,0
560,20mer_ZEH560,TGAAGAATTCAGGCGTTATC,0.0,0.0,-6.08,-5.61,-14.44,-14.86,0
561,20mer_ZEH561,TAAGAACCGTAACTAGGAGA,0.0,0.0,-4.64,-4.81,-11.93,-13.7,0
562,20mer_ZEH562,ATTAAACGAAGTACTTGCTC,-0.63,0.0,-7.84,-7.71,-13.56,-14.77,0
563,20mer_ZEH563,CAACGATGCTATATAAAGTC,0.0,0.0,-5.66,-4.95,-12.66,-14.83,0
564,20mer_ZEH564,CTAAATTCCTTTGCCATGAG,0.0,0.0,-6.8,-6.46,-12.85,-13.62,0
565,20mer_ZEH565,CAGATCTTCTACTGATGTCC,0.0,0.0,-6.87,-6.92,-13.73,-14.5,0
566,20mer_ZEH566,AGGAATTACTGCCCTAACTA,-0.56,0.0,-6.2,-5.21,-13.23,-14.78,0
567,20mer_ZEH567,CAATTATACAGGCTCTAAGG,0.0,0.0,-6.44,-4.54,-12.8,-13.98,0
568,20mer_ZEH568,AGCTCTAAGATCATTTGACC,0.0,0.0,-6.63,-6.76,-13.39,-13.29,0
569,20mer_ZEH569,ATAAGATTGAAATCATCACG,0.0,0.0,-5.66,-4.77,-13.5,-13.82,0
570,20mer_ZEH570,TGTAATAGTTCACTCGGTTC,0.0,0.0,-5.04,-5.23,-13.31,-13.97,0
571,20mer_ZEH571,GATGTCGATCCCATAAATCA,0.0,0.0,-5.29,-5.29,-13.84,-14.84,0
572,20mer_ZEH572,ACTCAAATAAGAAGGCTTGT,0.0,0.0,-7.48,-5.13,-13.57,-14.52,0
573,20mer_ZEH573,TCTCACAGTTTCATTATGAG,0.0,0.0,-6.21,-5.48,-13.73,-14.18,0
574,20mer_ZEH574,AACTCTTGTATGATGACTTA,0.0,0.0,-4.15,-4.26,-12.25,-14.1,0
575,20mer_ZEH575,GTATGATTAAAGAGCGCCAC,0.0,0.0,-7.71,-7.75,-14.4,-14.75,0
576,20mer_ZEH576,AGACTTATGCCTTCGGTAAT,0.0,-0.92,-4.48,-5.19,-14.46,-14.22,0
577,20mer_ZEH577,GTGATAGCAATCATCTAGAA,0.0,0.0,-5.94,-6.41,-13.62,-14.37,0
578,20mer_ZEH578,CTATCTAACTGTTGTGTATA,0.0,0.0,-5.48,-5.55,-12.58,-14.98,0
579,20mer_ZEH579,TCGAATTTGCATCCTGTCCA,0.0,0.0,-5.92,-6.32,-12.01,-14.91,0
580,20mer_ZEH580,TATAGCTTGTACTTTGTCAT,0.0,0.0,-6.49,-6.74,-14.55,-14.59,0
581,20mer_ZEH581,GTATAACTACGCGCGAAAGG,0.0,0.0,-12.05,-10.69,-14.42,-15.0,0
582,20mer_ZEH582,GTCCCTGTTATAAAGTAAAT,0.0,0.0,-3.9,-4.14,-14.49,-13.85,0
583,20mer_ZEH583,TACGTATAGGCTACAGATCA,0.0,-0.68,-7.63,-7.42,-13.9,-14.72,0
584,20mer_ZEH584,CGTCAACTCGCTATACTTGT,0.0,0.0,-4.43,-5.66,-14.96,-14.44,0
585,20mer_ZEH585,TGTTTATGTTTGGAGCCTCA,0.0,0.0,-4.87,-7.3,-14.7,-14.9,0
586,20mer_ZEH586,CCTTGTATTACTCGGTTATA,0.0,0.0,-5.19,-5.19,-12.22,-14.43,0
587,20mer_ZEH587,CGGATAGTAAATAACTTCAA,0.0,0.0,-5.09,-5.09,-13.3,-14.54,0
588,20mer_ZEH588,TACATATGAAACGTGCTTGT,-1.35,0.0,-6.9,-6.8,-14.64,-14.53,0
589,20mer_ZEH589,TTATCTATGCATGCTATAGT,0.0,0.0,-8.36,-8.77,-13.77,-13.93,0
590,20mer_ZEH590,AAGATTTGTTAGCCTTTCTC,0.0,0.0,-4.78,-6.55,-14.46,-14.65,0
591,20mer_ZEH591,ACTTAGATGATCTTTCAGAA,0.0,0.0,-6.17,-5.73,-13.3,-14.76,0
592,20mer_ZEH592,GACCAGTGAACATTATTTCC,0.0,0.0,-5.19,-4.44,-12.15,-14.49,0
593,20mer_ZEH593,TTATGTATTGTACACGCCCT,0.0,0.0,-6.06,-5.54,-13.18,-14.99,0
594,20mer_ZEH594,ATGTAGTGATTCACGGTTCT,0.0,0.0,-5.67,-6.4,-13.41,-14.54,0
595,20mer_ZEH595,TTTCAAGTTAGGGACTAATC,0.0,0.0,-5.25,-5.04,-13.71,-14.21,0
596,20mer_ZEH596,CGGTATGAGGTTTCTTCCAT,0.0,0.0,-4.73,-5.19,-13.84,-14.53,0
597,20mer_ZEH597,TAGGTTATTAGAGCTGATCC,0.0,0.0,-6.76,-8.37,-11.23,-13.72,0
598,20mer_ZEH598,TCAGTAACTTTGTAGTGACT,0.0,0.0,-5.72,-5.27,-13.98,-13.82,0
599,20mer_ZEH599,CAGTGATCGTTTGTAGCATT,0.0,0.0,-5.3,-5.66,-13.67,-14.55,0
600,20mer_ZEH600,GTTGTTTGATCCGGTCATAT,0.0,0.0,-6.98,-8.34,-13.97,-14.62,0
601,20mer_ZEH601,CTAGAATATTCACGTGCAAT,0.0,0.0,-8.01,-8.98,-12.26,-14.83,0
602,20mer_ZEH602,TATAATCGAGATCCATGTAA,0.0,0.0,-5.29,-5.29,-11.95,-14.64,0
603,20mer_ZEH603,CTCTTTCAGCCGAGACTTAA,0.0,0.0,-5.19,-7.03,-12.5,-15.0,0
604,20mer_ZEH604,TATCTCCTGTTTAGACTTAG,0.0,0.0,-5.36,-5.53,-14.39,-14.99,0
605,20mer_ZEH605,TGTTACCTAGGAGAGAACTA,0.0,0.0,-8.37,-7.0,-12.28,-14.22,0
606,20mer_ZEH606,TGAACAAAGCTCAATAAGCG,0.0,0.0,-6.73,-6.81,-13.99,-14.6,0
607,20mer_ZEH607,CGTATAATGCTTTAGCGTTT,0.0,0.0,-5.3,-5.66,-13.51,-14.91,0
608,20mer_ZEH608,TTACGTATTTCTGATCATCG,0.0,0.0,-6.62,-7.92,-12.52,-14.63,0
609,20mer_ZEH609,AGTTTAATAGAGCTTAACTC,0.0,0.0,-6.81,-6.87,-13.27,-14.4,0
610,20mer_ZEH610,GGACTGTCACTATATATGTG,-0.56,0.0,-6.25,-5.26,-13.41,-14.87,0
611,20mer_ZEH611,AGAATCTCCGACGTAAATAA,0.0,0.0,-6.95,-6.61,-12.24,-14.72,0
612,20mer_ZEH612,TATAGAACACAAGCGTATAG,0.0,0.0,-4.33,-4.8,-13.33,-14.87,0
613,20mer_ZEH613,CTTTAATTAGTTTCGAAGGC,0.0,0.0,-10.39,-10.31,-12.37,-13.43,0
614,20mer_ZEH614,CTTTACCTAAGATTGTGAAC,0.0,0.0,-4.69,-4.45,-12.63,-14.67,0
615,20mer_ZEH615,GATCCCGAGTAGCAATTATA,0.0,0.0,-5.19,-4.78,-13.4,-14.96,0
616,20mer_ZEH616,CCCGATCAAGATGAGTAAAT,0.0,0.0,-5.19,-4.44,-12.1,-14.88,0
617,20mer_ZEH617,GTATCACTAACAATACAGGA,0.0,0.0,-5.2,-4.93,-12.23,-14.92,0
618,20mer_ZEH618,CTTAATGATTGTTAACCAAG,0.0,0.0,-7.55,-7.34,-11.78,-14.79,0
619,20mer_ZEH619,AGATCTTTATTCGGATTCGA,0.0,0.0,-7.94,-7.86,-13.18,-14.71,0
620,20mer_ZEH620,TGCTAGATTCGACCTTCACC,0.0,0.0,-5.43,-5.29,-12.14,-14.38,0
621,20mer_ZEH621,TTGTCCCGTGATACCTTACT,0.0,0.0,-4.0,-6.02,-12.04,-14.51,0
622,20mer_ZEH622,TTGTAGAATCGTCAAACAAC,0.0,0.0,-5.09,-7.55,-13.92,-14.41,0
623,20mer_ZEH623,GCGTTGTATTATCGATCTCT,0.0,0.0,-7.07,-7.41,-14.16,-14.19,0
624,20mer_ZEH624,TTAAGTAGTCAACCTAATAG,0.0,0.0,-4.51,-4.43,-13.18,-13.95,0
625,20mer_ZEH625,TTAACTTTGCCAGGATCCAT,0.0,0.0,-7.85,-7.44,-12.34,-14.67,0
626,20mer_ZEH626,TAAGTAACTGGCGTCAAATC,0.0,0.0,-5.77,-5.22,-13.87,-14.63,0
627,20mer_ZEH627,CTTCTAGCGTGCATAGACTA,0.0,0.0,-4.95,-6.19,-13.67,-14.71,0
628,20mer_ZEH628,CTTAAATTTCTCCTGGTGTA,0.0,0.0,-5.48,-5.65,-11.74,-14.33,0
629,20mer_ZEH629,TCATACAAATGTTAGTAGAC,0.0,0.0,-5.11,-4.99,-13.41,-13.79,0
630,20mer_ZEH630,ATGTAATGTCTTCTGCTTTA,0.0,0.0,-4.55,-4.95,-13.07,-14.04,0
631,20mer_ZEH631,TAACAGATGAAGCACTCCTA,0.0,0.0,-4.95,-5.14,-12.75,-14.75,0
632,20mer_ZEH632,ATCAGATACTAGCACCTCAG,0.0,0.0,-5.17,-5.06,-12.9,-14.61,0
633,20mer_ZEH633,CATTTCAGGATGTTTCTTGT,0.0,0.0,-4.47,-5.11,-12.93,-14.74,0
634,20mer_ZEH634,AGTTATAAACGTTGCAATTC,0.0,0.0,-7.76,-7.71,-13.55,-14.17,0
635,20mer_ZEH635,GTATTTCTTCGACCGTGAGT,0.0,0.0,-5.29,-5.29,-13.43,-14.8,0
636,20mer_ZEH636,TAAATATATCGCAGCCACAG,0.0,0.0,-4.76,-5.4,-12.25,-13.96,0
637,20mer_ZEH637,ACAAATGAGACGACATTCTA,0.0,0.0,-5.66,-4.92,-13.4,-14.99,0
638,20mer_ZEH638,CTATTACTTCTTTGAGGTTG,0.0,0.0,-4.55,-4.95,-12.48,-14.01,0
639,20mer_ZEH639,TTCTATAAAGTGTCCATAAG,0.0,0.0,-3.95,-4.48,-13.05,-14.07,0
640,20mer_ZEH640,AATGGGTACTTTCTTTACTT,0.0,0.0,-4.73,-4.69,-12.17,-14.72,0
641,20mer_ZEH641,TAAAGAAATCAAGGATCAAC,0.0,0.0,-5.13,-4.69,-14.88,-13.87,0
642,20mer_ZEH642,TCGGTAAATTCCACATTTCG,0.0,0.0,-4.84,-5.66,-13.6,-14.94,0
643,20mer_ZEH643,CAGAACATAACAAGCATTTG,0.0,0.0,-6.01,-5.82,-13.1,-14.89,0
644,20mer_ZEH644,AGATAGACTAGGTAAACCTG,0.0,0.0,-6.85,-7.06,-12.65,-14.89,0
645,20mer_ZEH645,TTATGTTACTCTGGTCAAGT,0.0,0.0,-5.09,-5.25,-14.47,-14.52,0
646,20mer_ZEH646,ATCCACTTAGTAGTTCGTAC,0.0,0.0,-5.21,-5.66,-14.29,-13.47,0
647,20mer_ZEH647,TCTAAAGAAATACCCGGAAA,0.0,0.0,-7.86,-7.12,-12.08,-14.94,0
648,20mer_ZEH648,AATGTCAATCACAGATACCG,0.0,0.0,-5.19,-4.51,-14.21,-13.83,0
649,20mer_ZEH649,CACATACCACGACGCTTGTT,0.0,0.0,-5.66,-4.99,-12.52,-14.67,0
650,20mer_ZEH650,AGTATAATCGAAGCTCAACG,0.0,0.0,-6.38,-6.81,-13.57,-14.71,0
651,20mer_ZEH651,GAGATTTATATGCTCCTCTA,0.0,0.0,-8.23,-7.49,-12.63,-14.3,0
652,20mer_ZEH652,CGAACATGATACTAGAGATA,0.0,0.0,-6.29,-4.93,-14.17,-14.55,0
653,20mer_ZEH653,CAATACAATAAAGTGACGGC,0.0,0.0,-7.3,-6.79,-13.71,-14.98,0
654,20mer_ZEH654,GTTCCTTATATGGTTCTAAA,0.0,-0.82,-4.21,-6.69,-14.51,-14.81,0
655,20mer_ZEH655,TATATAAGTGTCTCCTTTGA,0.0,0.0,-4.84,-4.64,-14.13,-13.65,0
656,20mer_ZEH656,TCTCGATCAGTCATATGATA,0.0,0.0,-6.34,-6.34,-12.61,-14.71,0
657,20mer_ZEH657,TTAGTTCCTGTGCAATTTAT,0.0,0.0,-5.36,-5.88,-13.63,-14.6,0
658,20mer_ZEH658,TAGTCTCATTGCGATAGGTT,0.0,0.0,-5.4,-4.64,-12.19,-14.37,0
659,20mer_ZEH659,TCTAAGCGAAGTGCAATAAC,0.0,0.0,-6.24,-5.21,-13.37,-14.83,0
660,20mer_ZEH660,TATATTCGAGATTCTCTTTG,0.0,0.0,-5.29,-5.73,-11.82,-13.95,0
661,20mer_ZEH661,TGTCTTTACGGTCTACTAGC,0.0,0.0,-6.43,-6.64,-13.21,-14.26,0
662,20mer_ZEH662,AATTATGACAAGCAAGACAT,0.0,0.0,-8.03,-6.67,-14.39,-14.51,0
663,20mer_ZEH663,ACGATTAAGACAAGAACTAC,0.0,0.0,-5.66,-3.93,-12.84,-14.84,0
664,20mer_ZEH664,TTTGTTATCTACTCGATTTG,0.0,0.0,-5.29,-5.84,-12.55,-14.25,0
665,20mer_ZEH665,AATCAAACTAAGGTGTTCCA,0.0,0.0,-4.56,-4.85,-12.9,-13.84,0
666,20mer_ZEH666,AACCACAAGTCGATATAGAT,0.0,0.0,-5.29,-5.29,-14.41,-14.68,0
667,20mer_ZEH667,ATTGATAATCTGGTAACCTT,0.0,0.0,-6.29,-6.19,-13.36,-14.16,0
668,20mer_ZEH668,AATAATCGGGCTATAACTTT,0.0,0.0,-4.56,-5.19,-11.7,-14.63,0
669,20mer_ZEH669,ACCTATATACAGGGTTATCC,0.0,0.0,-5.47,-5.42,-14.25,-14.51,0
670,20mer_ZEH670,ACTAGAATGATCTCAGGAAT,0.0,0.0,-5.69,-5.17,-11.81,-14.36,0
671,20mer_ZEH671,CTTATCTACGTTCGCTGTAT,0.0,0.0,-6.63,-6.89,-13.25,-14.42,0
672,20mer_ZEH672,TAGCTTTCTAATAACGGAAT,0.0,0.0,-6.49,-6.74,-12.19,-14.64,0
673,20mer_ZEH673,TCAGAAGTTAAATATCCATG,0.0,0.0,-4.82,-5.44,-12.55,-14.05,0
674,20mer_ZEH674,ATACACAGAAGGTATGGCAG,0.0,0.0,-5.82,-4.44,-13.57,-14.89,0
675,20mer_ZEH675,ATGCTTATTGCGATACCTAA,0.0,0.0,-5.4,-4.95,-12.77,-14.2,0
676,20mer_ZEH676,TTAGTTAGTACGTGTTCATC,0.0,0.0,-6.58,-6.79,-13.05,-14.78,0
677,20mer_ZEH677,TATTTAACAAGTGAAACCTG,0.0,0.0,-4.49,-4.57,-12.92,-14.25,0
678,20mer_ZEH678,GTATGTATTCTCTTAGCTAA,0.0,0.0,-8.46,-9.82,-14.1,-14.07,0
679,20mer_ZEH679,TCACTCTCATTCGGTGTTTA,0.0,0.0,-4.62,-5.28,-14.77,-14.98,0
680,20mer_ZEH680,GTGATATAGTTAATCCGTCT,0.0,0.0,-4.42,-4.81,-11.94,-14.13,0
681,20mer_ZEH681,CCTTAAGTACACATGAGTTC,0.0,0.0,-6.29,-5.21,-13.88,-14.48,0
682,20mer_ZEH682,CTTTACTATTCAAGTAGTTG,0.0,0.0,-5.09,-5.09,-13.81,-14.93,0
683,20mer_ZEH683,CATTTAAATCTGTCGCGATA,0.0,0.0,-8.49,-11.01,-13.69,-14.71,0
684,20mer_ZEH684,CGATAACACAAATGAAGATT,0.0,0.0,-5.29,-5.92,-12.53,-14.53,0
685,20mer_ZEH685,AGCTAAAGAGAACCTAATAT,0.0,0.0,-6.48,-6.48,-12.39,-13.38,0
686,20mer_ZEH686,CAGAGATTAAATTATCGGCT,0.0,0.0,-5.74,-5.19,-14.64,-14.51,0
687,20mer_ZEH687,CGAAATTCACTAGACGAACT,0.0,0.0,-6.11,-5.29,-13.24,-14.01,0
688,20mer_ZEH688,GTTTCACCTAATTAAGCTGA,0.0,-0.79,-6.7,-6.65,-14.35,-14.83,0
689,20mer_ZEH689,TACTATATTATCCTGAGTGC,0.0,0.0,-5.1,-5.03,-14.63,-14.03,0
690,20mer_ZEH690,TAAACCTAGATGAATAGCCA,0.0,0.0,-5.21,-4.56,-14.76,-14.79,0
691,20mer_ZEH691,TAATTACAACAAGAATCGCG,0.0,0.0,-7.49,-8.86,-14.42,-14.52,0
692,20mer_ZEH692,GGTATCTTGTTCTAATCTTT,0.0,0.0,-3.93,-4.01,-14.43,-14.22,0
693,20mer_ZEH693,ATCTTATTCTGCAGATTTCG,0.0,0.0,-8.72,-9.34,-13.17,-14.6,0
694,20mer_ZEH694,ACTGGTAGTATCCTATTGTA,0.0,-0.79,-5.07,-6.61,-13.75,-14.17,0
695,20mer_ZEH695,CTTCTCTGTTTGCGAATGTA,0.0,0.0,-5.4,-5.13,-13.18,-14.71,0
696,20mer_ZEH696,TCTTTCTAAAGGTCAGACAT,0.0,0.0,-6.05,-5.31,-14.79,-13.81,0
697,20mer_ZEH697,TTCATACGATCTTAGGCCCT,0.0,0.0,-7.19,-9.23,-11.93,-14.78,0
698,20mer_ZEH698,GAAAGATGGTTCTAGTCACA,0.0,0.0,-4.66,-5.69,-13.28,-14.95,0
699,20mer_ZEH699,CTTATATCTGCTGGTCCTTA,0.0,0.0,-4.55,-5.05,-12.56,-14.5,0
700,20mer_ZEH700,CGTTTGATATTTCAGCTGTG,0.0,0.0,-7.73,-9.09,-13.43,-14.85,0
701,20mer_ZEH701,CTTTGAATTAGTTCCGCTCT,0.0,0.0,-4.91,-4.64,-12.45,-13.8,0
702,20mer_ZEH702,TCTGAGGTATAATGTTCCAT,0.0,-1.48,-4.69,-7.28,-13.25,-14.83,0
703,20mer_ZEH703,TCATTTGAATTTCATACGAG,0.0,0.0,-5.66,-5.78,-12.87,-14.87,0
704,20mer_ZEH704,ACTTACTAATAGGTGCTCAA,0.0,0.0,-4.43,-4.95,-13.83,-13.66,0
705,20mer_ZEH705,ATGGAACTTCTTCTAGTTGT,0.0,0.0,-5.56,-5.69,-12.62,-14.91,0
706,20mer_ZEH706,TGTAGGTGCCTAATTAACAA,0.0,0.0,-5.84,-5.38,-13.25,-14.97,0
707,20mer_ZEH707,GACATTAGTTGTAGACCTCC,0.0,0.0,-5.19,-4.87,-14.04,-14.68,0
708,20mer_ZEH708,AATGGGTCATAAATCCTGGA,0.0,0.0,-6.58,-5.28,-13.74,-14.59,0
709,20mer_ZEH709,GTTTATCCATTCTGTTTCAG,0.0,0.0,-4.49,-5.54,-13.91,-14.56,0
710,20mer_ZEH710,CTTTATCTTATCAGTCGTGT,0.0,-0.9,-4.3,-5.66,-12.6,-14.47,0
711,20mer_ZEH711,GCTTTATATTGTGCCTATTT,0.0,0.0,-4.55,-4.95,-11.69,-14.35,0
712,20mer_ZEH712,GAATAAACTAGGCATTAACA,0.0,0.0,-4.91,-4.47,-13.01,-14.87,0
713,20mer_ZEH713,GGTCCTATTGTAATCTAAGT,0.0,0.0,-4.1,-5.05,-12.44,-14.93,0
714,20mer_ZEH714,TCCTATAGCTGAAAGTATAC,0.0,0.0,-7.32,-7.41,-13.07,-14.61,0
715,20mer_ZEH715,CAGGATATATCTCCGAAAGT,0.0,0.0,-5.61,-6.36,-12.64,-14.9,0
716,20mer_ZEH716,AGGCTCTTTATATCTCGGTT,0.0,0.0,-6.27,-5.19,-14.35,-14.35,0
717,20mer_ZEH717,TTTCACTCAAAGCGAGCATC,0.0,0.0,-5.4,-5.39,-12.85,-14.92,0
718,20mer_ZEH718,GTTCTTATTCCAATGCGTTA,0.0,0.0,-4.41,-4.61,-13.28,-13.98,0
719,20mer_ZEH719,GTATTATGTACTTTCGGGTC,0.0,0.0,-4.72,-5.66,-14.37,-14.23,0
720,20mer_ZEH720,TGACTTATCCGAGATGAACT,0.0,0.0,-5.19,-4.44,-12.92,-14.37,0
721,20mer_ZEH721,CTTCTTAGGGTAGAGAGCAA,0.0,0.0,-4.95,-4.47,-13.19,-14.39,0
722,20mer_ZEH722,GTACGATAAATACAAGCCAA,0.0,0.0,-5.66,-4.56,-12.88,-14.18,0
723,20mer_ZEH723,CATACTCTTCCGATGGTAAT,0.0,0.0,-5.19,-4.89,-12.91,-14.88,0
724,20mer_ZEH724,CCTATAATACTAGTGAAGTA,0.0,0.0,-6.61,-6.82,-12.01,-14.33,0
725,20mer_ZEH725,GAATCTAATAATTCCGGCTC,0.0,0.0,-7.11,-8.08,-13.01,-14.48,0
726,20mer_ZEH726,GCACAAATTAACAGCAGCAT,-1.23,0.0,-8.77,-8.36,-14.91,-14.89,0
727,20mer_ZEH727,CCTGATTCCGTTGTATTACT,0.0,0.0,-4.01,-4.81,-14.52,-14.31,0
728,20mer_ZEH728,GTTACACTAGTATCTGGAAG,0.0,0.0,-6.82,-6.61,-12.21,-13.7,0
729,20mer_ZEH729,TAATAGAGACTTCTTGAACA,0.0,0.0,-4.64,-4.42,-12.74,-14.8,0
730,20mer_ZEH730,CAAATATACTTCTAGAAAGG,0.0,0.0,-6.24,-6.23,-13.69,-14.49,0
731,20mer_ZEH731,CGGTTTAAAGTTAACTTAGC,0.0,0.0,-8.74,-8.48,-14.22,-14.7,0
732,20mer_ZEH732,TTTACTATCTGTTAGCTTCG,0.0,0.0,-6.49,-6.74,-12.07,-14.64,0
733,20mer_ZEH733,AACTTTATGAGCCTTGTTTA,0.0,0.0,-6.54,-6.95,-14.24,-14.66,0
734,20mer_ZEH734,CTAACATTTCAAATTGGGAA,0.0,0.0,-4.81,-5.18,-14.43,-14.26,0
735,20mer_ZEH735,TATTCCTCTATGGCTTGATT,0.0,0.0,-4.56,-4.92,-14.21,-14.37,0
736,20mer_ZEH736,ACAATTCTGTAGCTACAAGT,0.0,0.0,-9.11,-9.09,-14.88,-14.3,0
737,20mer_ZEH737,TACTAGGATCCGGATTATGA,0.0,0.0,-10.1,-10.01,-12.25,-14.2,0
738,20mer_ZEH738,GCCAATCAGAAGTAGTACTA,0.0,0.0,-6.72,-6.65,-13.2,-14.95,0
739,20mer_ZEH739,AGAAGCTTACCACTACACAG,-1.07,-0.88,-7.71,-7.37,-12.44,-14.4,0
740,20mer_ZEH740,TACTAGCTCTTCGACGACTA,0.0,0.0,-6.46,-6.8,-12.52,-14.41,0
741,20mer_ZEH741,TTGTTATGTCTTCCTCGAGA,0.0,0.0,-8.21,-7.46,-14.58,-14.78,0
742,20mer_ZEH742,ATCCTAAATAGTGATGCGCT,0.0,0.0,-7.74,-8.15,-13.24,-14.28,0
743,20mer_ZEH743,TCAGTCTTAGTGGGTCTAAC,0.0,0.0,-5.25,-6.03,-14.55,-14.58,0
744,20mer_ZEH744,TACACTAACGAAAGAGATAT,0.0,0.0,-5.66,-4.35,-11.66,-14.73,0
745,20mer_ZEH745,AGGAGCTTATCTATAGACAT,0.0,0.0,-6.81,-6.73,-12.7,-14.8,0
746,20mer_ZEH746,TACTAATCAGTATATACCGG,0.0,0.0,-9.3,-9.3,-12.94,-14.97,0
747,20mer_ZEH747,TGAATAGTACAGTCTACGTA,0.0,0.0,-6.62,-6.62,-12.92,-14.4,0
748,20mer_ZEH748,GTTCTACTTATTGTATAACG,0.0,0.0,-5.54,-4.85,-13.12,-14.73,0
749,20mer_ZEH749,ACTTTCCCATATGCTTGTCG,0.0,0.0,-7.72,-8.12,-13.34,-14.65,0
750,20mer_ZEH750,ATTAGTCAATAGAGAGCAGC,0.0,0.0,-5.46,-5.73,-12.1,-14.88,0
751,20mer_ZEH751,AATTAAATCTGACTGTACAG,0.0,0.0,-9.26,-7.9,-13.86,-14.54,0
752,20mer_ZEH752,TATGTCTACTTTGTCTATAG,0.0,0.0,-4.96,-6.11,-12.4,-14.96,0
753,20mer_ZEH753,TCTGCATTATAGTGATTATC,0.0,0.0,-5.3,-6.01,-12.01,-13.91,0
754,20mer_ZEH754,GCTTCTCTTGTAATTCGATT,0.0,0.0,-5.29,-5.92,-13.86,-15.0,0
755,20mer_ZEH755,AATATGAAAGGATCCCAGTT,0.0,0.0,-7.41,-7.45,-12.22,-14.53,0
756,20mer_ZEH756,GTCTTACTCTATCCAGGATT,0.0,0.0,-7.08,-8.02,-12.75,-14.62,0
757,20mer_ZEH757,TATAAGGACCAAATCAAATG,0.0,0.0,-5.05,-4.16,-11.93,-14.45,0
758,20mer_ZEH758,AATCTCTCATCGCGTCTCTG,0.0,0.0,-7.49,-8.86,-14.51,-14.8,0
759,20mer_ZEH759,TTGGGCATTAAACTATCCTA,0.0,0.0,-4.91,-4.81,-13.85,-14.89,0
760,20mer_ZEH760,TAAAGAATACCTCATTAGAG,0.0,0.0,-4.36,-4.6,-12.77,-13.71,0
761,20mer_ZEH761,ATACTATATACTGTAAACGG,0.0,0.0,-4.81,-4.19,-12.08,-14.17,0
762,20mer_ZEH762,CTATAAGTACGCATTGCTAC,0.0,0.0,-5.81,-6.31,-14.22,-14.64,0
763,20mer_ZEH763,ATTATCACCAAGGCACGTCT,0.0,0.0,-6.78,-6.91,-12.61,-14.75,0
764,20mer_ZEH764,CGAGTATGATCATGTGTTCT,0.0,0.0,-7.67,-8.68,-13.8,-14.42,0
765,20mer_ZEH765,CTCGTACTATTAATGTAAGA,0.0,0.0,-4.96,-5.66,-12.18,-14.72,0
766,20mer_ZEH766,AGTGTTACAGTCTACTATTC,0.0,0.0,-5.03,-5.1,-14.61,-14.86,0
767,20mer_ZEH767,TCTTGATAGTTTCATCTTTG,0.0,0.0,-4.31,-4.61,-13.38,-14.88,0
768,20mer_ZEH768,CTTTCTATTTGTGCCCGAAT,0.0,0.0,-5.19,-5.35,-12.25,-14.77,0
769,20mer_ZEH769,ACTACCATAACAGAAGATAG,0.0,0.0,-4.61,-3.8,-14.56,-14.78,0
770,20mer_ZEH770,TTCTATGTCACTGTGCTTAG,0.0,0.0,-6.0,-6.29,-13.01,-14.45,0
771,20mer_ZEH771,CTATAAGTAAGACATCTTGT,-1.11,-0.98,-6.16,-6.39,-14.54,-14.18,0
772,20mer_ZEH772,CGACAAGTCCGTAACCATAC,0.0,0.0,-5.19,-5.19,-13.62,-14.56,0
773,20mer_ZEH773,CTACTTAGTCACATTCGGCA,0.0,0.0,-5.03,-5.87,-14.47,-14.82,0
774,20mer_ZEH774,ATCAGTCAGAAGCCAACTTA,0.0,0.0,-5.17,-5.23,-14.16,-14.82,0
775,20mer_ZEH775,AATTCTACTGACTAGTTGCA,0.0,0.0,-6.99,-6.9,-12.65,-14.54,0
776,20mer_ZEH776,TCACTAAATATGTCGTTGTC,0.0,0.0,-4.32,-5.66,-13.92,-13.93,0
777,20mer_ZEH777,GATCTACACAGTGAACAAAT,0.0,0.0,-6.55,-5.87,-13.87,-14.7,0
778,20mer_ZEH778,GTCGTCCATCATTGAATAAA,0.0,0.0,-4.35,-5.66,-12.8,-14.6,0
779,20mer_ZEH779,CATTAGGTATACTGTGGCGT,0.0,0.0,-5.15,-5.11,-12.46,-14.95,0
780,20mer_ZEH780,TGTAGTACATCGGGCTTCAT,0.0,0.0,-5.57,-5.19,-12.46,-14.34,0
781,20mer_ZEH781,ATATCTACTATCAATGTGAG,0.0,0.0,-7.44,-7.1,-14.71,-14.1,0
782,20mer_ZEH782,CCAAGAAATAAATTTCGAGT,0.0,0.0,-5.29,-5.82,-12.7,-14.83,0
783,20mer_ZEH783,GAATAAACAGGACTAGATCT,0.0,0.0,-6.65,-6.86,-13.86,-14.32,0
784,20mer_ZEH784,AATGAAGCGATAATATAACC,0.0,0.0,-5.4,-4.43,-12.59,-14.36,0
785,20mer_ZEH785,CTCTAAATAAGCAGGTAGGG,0.0,0.0,-5.82,-5.64,-14.59,-14.95,0
786,20mer_ZEH786,CAGATTGGTCCTATCAAACA,0.0,0.0,-4.84,-5.05,-13.93,-14.87,0
787,20mer_ZEH787,AACTAGAAACGGGTTTACTT,0.0,0.0,-5.69,-4.56,-13.07,-14.49,0
788,20mer_ZEH788,CTTAACCCATACGTACAGAG,0.0,0.0,-6.81,-6.73,-11.71,-14.47,0
789,20mer_ZEH789,TAGTTATTCACATTTGACGA,-0.92,0.0,-5.66,-4.04,-13.33,-14.92,0
790,20mer_ZEH790,TAATCGATAGTAGAACGGCA,-0.83,0.0,-7.35,-7.1,-12.55,-14.94,0
791,20mer_ZEH791,GTATCTCAATTCTACGGACA,0.0,0.0,-4.81,-4.87,-12.38,-14.07,0
792,20mer_ZEH792,TTATGTATTCGGCTATCAAA,0.0,0.0,-4.85,-5.19,-13.65,-14.63,0
793,20mer_ZEH793,TGAATATATAATTGCTGTCC,0.0,0.0,-4.78,-4.95,-11.94,-13.23,0
794,20mer_ZEH794,AAGAATTGTCACTAGCATCC,0.0,0.0,-4.95,-4.74,-12.28,-14.81,0
795,20mer_ZEH795,ATGATTTATATAGCGTACCG,0.0,-0.94,-5.19,-5.13,-13.39,-14.65,0
796,20mer_ZEH796,TATCATTCTTAGTAGCGTTG,0.0,0.0,-4.41,-4.58,-14.18,-14.75,0
797,20mer_ZEH797,ATCTCACACAGAGCAAGTCA,0.0,0.0,-4.95,-4.89,-14.85,-14.69,0
798,20mer_ZEH798,CAACATAGTGATCTTATTAG,0.0,0.0,-4.95,-5.17,-12.55,-13.97,0
799,20mer_ZEH799,TAATACAAAGAAGCTTCGTA,0.0,0.0,-7.81,-8.2,-12.1,-14.39,0
800,20mer_ZEH800,TTCTATATGCGCCTTGATAA,0.0,0.0,-7.66,-8.1,-12.5,-13.98,0
801,20mer_ZEH801,TGAAGAAATGCCTATGTCCT,0.0,0.0,-5.16,-4.91,-12.5,-14.84,0
802,20mer_ZEH802,AAGCCCTATGTCGGTTCAAC,0.0,0.0,-5.0,-5.19,-13.66,-14.95,0
803,20mer_ZEH803,GAGTCAGATTTCAAGTAACA,0.0,0.0,-4.55,-4.16,-14.45,-14.84,0
804,20mer_ZEH804,ACGGATTTGCATATTCATAA,0.0,0.0,-5.6,-6.32,-13.22,-14.77,0
805,20mer_ZEH805,TAGATAATCGTCGTACAATA,0.0,0.0,-4.8,-6.36,-12.53,-14.2,0
806,20mer_ZEH806,TCCTATATTACAATGTGAGG,0.0,0.0,-6.47,-6.64,-13.27,-14.46,0
807,20mer_ZEH807,AGTGAGCTAAAGTACAAACC,0.0,0.0,-6.8,-6.46,-12.93,-14.76,0
808,20mer_ZEH808,GAGTTTCAGATTGTTCATCG,0.0,0.0,-4.18,-5.19,-13.17,-14.95,0
809,20mer_ZEH809,TAAGTACGGTCTCCTGAGAT,0.0,0.0,-4.81,-5.02,-13.9,-14.56,0
810,20mer_ZEH810,CGACTTCATTGTACATCGTT,0.0,0.0,-5.29,-6.5,-12.5,-14.94,0
811,20mer_ZEH811,GACTTTATAGGACAGACACT,0.0,0.0,-5.78,-4.42,-12.97,-14.92,0
812,20mer_ZEH812,TAAAGAACACGGTAGCTAAA,0.0,0.0,-6.48,-6.48,-14.24,-14.26,0
813,20mer_ZEH813,TGCAATGTGTAGGCTTATCT,0.0,0.0,-6.3,-6.92,-13.63,-14.96,0
814,20mer_ZEH814,GATCCAACTAAAGACGTACC,0.0,-0.87,-6.95,-6.61,-13.53,-14.94,0
815,20mer_ZEH815,AATTATGCTCCCTTTGGAAT,0.0,0.0,-5.65,-5.6,-14.88,-14.58,0
816,20mer_ZEH816,GATAAAGGCATTGACTTCAG,0.0,0.0,-7.21,-4.36,-13.64,-15.0,0
817,20mer_ZEH817,TCTTTGACTATAGCACGTAA,0.0,0.0,-6.79,-6.58,-13.65,-14.66,0
818,20mer_ZEH818,TCAGAAATAGATAATCCGAA,0.0,0.0,-5.19,-4.44,-12.69,-14.07,0
819,20mer_ZEH819,GGGACTCTATATTTGTGCTT,0.0,0.0,-4.55,-4.95,-13.97,-14.94,0
820,20mer_ZEH820,GTCAAATAAGATGAGGAGCC,0.0,0.0,-4.52,-5.78,-12.43,-14.28,0
821,20mer_ZEH821,TTTGATTTACTCCGTTAGTG,0.0,-0.63,-4.93,-5.2,-14.19,-14.63,0
822,20mer_ZEH822,AATGTAACGTCGTGACTCTA,0.0,0.0,-7.04,-7.5,-12.98,-14.83,0
823,20mer_ZEH823,GGTTTGAATACTCTGTCTTA,0.0,0.0,-3.94,-4.37,-11.93,-14.65,0
824,20mer_ZEH824,TGTAGTTCGAAGTTTCTGTC,0.0,0.0,-6.76,-6.09,-14.85,-14.56,0
825,20mer_ZEH825,GTGTTTCCCTATATAAGTAA,0.0,0.0,-4.09,-4.84,-14.48,-14.41,0
826,20mer_ZEH826,AAAGTCAAACTAGGCCACTC,0.0,0.0,-7.63,-7.22,-13.55,-14.63,0
827,20mer_ZEH827,TTAACGTATGGAGCATATCT,0.0,0.0,-6.89,-6.63,-11.74,-14.77,0
828,20mer_ZEH828,AATTACAGATTGAACTCAGT,0.0,0.0,-6.46,-5.97,-14.61,-14.73,0
829,20mer_ZEH829,CTCAGATAGAAATAGAATCT,0.0,0.0,-5.4,-5.33,-14.87,-14.41,0
830,20mer_ZEH830,ATAATATTAGTGTATCCCGG,0.0,0.0,-7.86,-7.78,-13.24,-14.55,0
831,20mer_ZEH831,TGTTGCATATTCGCGTAAAT,0.0,0.0,-7.49,-8.86,-13.64,-14.75,0
832,20mer_ZEH832,CAAACTGTTATTCTAGCTGA,0.0,0.0,-6.43,-6.64,-13.86,-14.46,0
833,20mer_ZEH833,AGACATACCTAAAGTTGTAC,0.0,0.0,-5.87,-5.89,-12.99,-14.76,0
834,20mer_ZEH834,TCTCTCTGATAGGTTACTAT,0.0,0.0,-4.63,-4.4,-12.03,-14.37,0
835,20mer_ZEH835,AACAATTCCAGGAACCAATG,0.0,0.0,-6.68,-6.12,-13.79,-14.74,0
836,20mer_ZEH836,CTCTATATATTGGATTTCGC,0.0,0.0,-4.72,-5.4,-12.98,-13.52,0
837,20mer_ZEH837,GAACATGTATCAGTCCTACA,-0.99,-0.57,-7.51,-7.26,-14.06,-14.51,0
838,20mer_ZEH838,TATACTAGGAGTAAGACTCA,0.0,0.0,-5.84,-5.45,-12.85,-14.97,0
839,20mer_ZEH839,CGAGGACTGATAAAGAACTA,0.0,0.0,-5.66,-4.3,-13.55,-14.99,0
840,20mer_ZEH840,TCATATTAAGTTGAATACCG,0.0,0.0,-4.29,-4.97,-11.64,-13.73,0
841,20mer_ZEH841,AGGGAATATATAGCCTGCAT,0.0,0.0,-5.24,-6.45,-13.15,-14.91,0
842,20mer_ZEH842,ACGAGATATTTCCTTATTCG,0.0,0.0,-5.99,-5.48,-13.68,-14.91,0
843,20mer_ZEH843,TAGATTCCTAGTGAGGTTCA,0.0,-0.48,-5.29,-6.28,-13.42,-14.06,0
844,20mer_ZEH844,TCTTGTTGTCCGATTTATAA,0.0,0.0,-5.19,-4.62,-13.07,-14.85,0
845,20mer_ZEH845,TTTGGTCTCATATGTATTTC,0.0,0.0,-5.34,-6.71,-13.73,-14.56,0
846,20mer_ZEH846,GTTGTCTAGTAAACCTGATA,0.0,0.0,-4.54,-5.69,-12.42,-14.79,0
847,20mer_ZEH847,TCTATCCTAGGCCGTTATTA,0.0,0.0,-7.14,-8.11,-14.12,-15.0,0
848,20mer_ZEH848,ATATTCCTTAGGCTGTTATT,0.0,0.0,-6.24,-7.0,-11.92,-14.96,0
849,20mer_ZEH849,ATTCAGTCGTAGCATAAGAT,0.0,0.0,-4.95,-5.66,-14.66,-14.84,0
850,20mer_ZEH850,ATATCAATCAGCATTAAAGG,0.0,0.0,-5.55,-5.11,-13.56,-14.4,0
851,20mer_ZEH851,AAATAAAGACTACCAGAAGT,0.0,0.0,-5.25,-4.95,-12.96,-14.91,0
852,20mer_ZEH852,GTCTTATGTCTAGATCATTT,0.0,0.0,-5.32,-5.32,-12.76,-14.95,0
853,20mer_ZEH853,TTCTGCTTATTCTAAAGGCA,0.0,-1.01,-5.56,-6.97,-12.69,-14.62,0
854,20mer_ZEH854,AAACCAATGACTAGAGAGAT,0.0,0.0,-5.69,-4.33,-12.06,-14.8,0
855,20mer_ZEH855,CGTTTAGTTTATCATACATG,0.0,0.0,-5.43,-4.83,-14.07,-14.31,0
856,20mer_ZEH856,TATTTGAGCTTTATCACTCG,0.0,0.0,-6.81,-6.73,-13.52,-14.92,0
857,20mer_ZEH857,TCTAATATAACCTGCTTTGG,0.0,0.0,-5.45,-5.7,-12.24,-14.77,0
858,20mer_ZEH858,ATCCTCTGATGAATATAGGT,0.0,0.0,-5.12,-5.97,-12.03,-14.59,0
859,20mer_ZEH859,GAAAGTCCTACAAGTAATCA,0.0,0.0,-4.32,-4.01,-13.83,-14.97,0
860,20mer_ZEH860,CATTAACAAGAGAGGTGGAC,0.0,0.0,-5.67,-5.87,-13.23,-14.17,0
861,20mer_ZEH861,AAAGTAAGAGCTGTCAAACG,0.0,0.0,-6.76,-6.63,-13.26,-14.79,0
862,20mer_ZEH862,TGACTCCTACTCATCTTGGA,0.0,0.0,-5.35,-5.76,-14.4,-15.0,0
863,20mer_ZEH863,TTTCCTACTAGATGCTGTTC,0.0,0.0,-5.69,-4.95,-12.33,-14.56,0
864,20mer_ZEH864,CAGTACAGAACTTTGTATAA,0.0,0.0,-5.18,-5.07,-14.57,-14.6,0
865,20mer_ZEH865,CATAGTCTGTTATAAACTGT,0.0,0.0,-5.06,-5.21,-14.09,-14.29,0
866,20mer_ZEH866,CTCTTATCATATTTCGGGTA,0.0,0.0,-4.73,-5.19,-12.47,-13.83,0
867,20mer_ZEH867,ATCTAAGAGGAGTGACACCA,0.0,0.0,-5.6,-5.13,-13.24,-14.74,0
868,20mer_ZEH868,GCTTTAATTTGCGCAAATAC,-0.95,-0.95,-12.77,-12.51,-13.78,-14.42,0
869,20mer_ZEH869,CAAGTAAATAGCATGAGATC,0.0,0.0,-6.03,-5.06,-11.7,-14.06,0
870,20mer_ZEH870,GTTACAATTAGCAGTATCGA,0.0,0.0,-5.29,-5.29,-13.66,-14.59,0
871,20mer_ZEH871,GACGTATCTATTGTTATTAC,0.0,0.0,-7.32,-6.81,-12.68,-14.79,0
872,20mer_ZEH872,AGATGATCACTAGAGGCTAA,0.0,0.0,-6.61,-5.17,-11.95,-14.54,0
873,20mer_ZEH873,AAGAATGGACATCTATAAAC,0.0,0.0,-4.68,-4.29,-12.02,-14.41,0
874,20mer_ZEH874,CTAAGTAGTTAGAGATCCGT,0.0,0.0,-4.48,-4.81,-12.39,-14.75,0
875,20mer_ZEH875,AACGTATCACTGGGTCTCAT,0.0,0.0,-6.89,-6.63,-13.07,-14.71,0
876,20mer_ZEH876,TATCGTTCCATATAATTCGG,0.0,0.0,-4.57,-5.66,-12.64,-14.97,0
877,20mer_ZEH877,GAGTTAACATAGCCATCCTC,0.0,0.0,-7.22,-7.83,-13.78,-14.88,0
878,20mer_ZEH878,ACATATTGCTTATGAATGCT,0.0,0.0,-4.98,-4.95,-12.98,-14.99,0
879,20mer_ZEH879,AATCCATCATAGTTACGAGT,0.0,0.0,-5.66,-4.01,-13.54,-14.89,0
880,20mer_ZEH880,TGTATACGGTATAACACCCA,0.0,0.0,-5.48,-5.44,-13.43,-14.62,0
881,20mer_ZEH881,ATCTATGTATGAATCGCCCG,0.0,0.0,-6.25,-7.18,-13.34,-14.98,0
882,20mer_ZEH882,TCCTCATTGAGTTGTATATC,0.0,0.0,-5.56,-6.79,-13.21,-14.43,0
883,20mer_ZEH883,AGATTAATCCTCTATGTTAG,-0.6,0.0,-5.82,-6.1,-12.8,-14.42,0
884,20mer_ZEH884,CAGATATTGCGCTAATGTGA,0.0,0.0,-7.74,-8.15,-13.24,-14.89,0
885,20mer_ZEH885,ATGAATTAAGCACCACGATT,0.0,0.0,-5.66,-4.57,-12.63,-14.03,0
886,20mer_ZEH886,GTATCAAGGAGTTCATCATG,0.0,0.0,-5.07,-5.81,-13.62,-13.77,0
887,20mer_ZEH887,AAGCTAAACAGATCGTCAAT,0.0,0.0,-6.74,-6.49,-12.71,-14.82,0
888,20mer_ZEH888,AGGATAAATCGTGCCAGATG,0.0,0.0,-4.92,-5.66,-13.37,-14.67,0
889,20mer_ZEH889,GCAATTATAAGATGAACCAT,0.0,0.0,-6.32,-5.6,-13.27,-14.21,0
890,20mer_ZEH890,GTCAGTTAAGTGTCATATAC,0.0,0.0,-6.61,-6.95,-13.69,-14.97,0
891,20mer_ZEH891,GCCCAGTTATTATTAGTTTC,0.0,0.0,-4.43,-5.4,-12.73,-14.62,0
892,20mer_ZEH892,CGAGTAATGCTATTACCTCT,0.0,0.0,-7.32,-8.68,-14.23,-14.85,0
893,20mer_ZEH893,GCTGATATTTATTTCCTGCA,0.0,0.0,-8.83,-7.98,-13.02,-14.71,0
894,20mer_ZEH894,TATCATTCCATACGTGAAGA,0.0,0.0,-6.58,-6.79,-11.58,-14.8,0
895,20mer_ZEH895,AGCCGAACTAGTAATGTAGA,0.0,0.0,-6.92,-6.66,-11.95,-14.76,0
896,20mer_ZEH896,ATCTAAGTAGAATGCACAGT,0.0,0.0,-6.19,-4.95,-13.32,-14.55,0
897,20mer_ZEH897,ATTAGTGCTACGAAACACAC,0.0,0.0,-5.66,-4.95,-14.86,-14.86,0
898,20mer_ZEH898,ACCTATTGTTGTTAAAGATC,0.0,0.0,-5.17,-4.86,-13.09,-14.38,0
899,20mer_ZEH899,GCTTAATAGATATTGACGCG,0.0,0.0,-8.97,-7.39,-13.85,-14.78,0
900,20mer_ZEH900,AATCTTGTTAAGGCCTTCTC,0.0,0.0,-10.04,-10.38,-12.82,-14.98,0
901,20mer_ZEH901,GACCCGAATTTACCAAGACA,0.0,0.0,-5.19,-4.84,-13.75,-14.61,0
902,20mer_ZEH902,GAAACATCTCCGTCATCGTT,0.0,0.0,-4.6,-5.66,-13.2,-14.67,0
903,20mer_ZEH903,TCATAGAATAGGGTGCATCA,0.0,0.0,-4.95,-6.19,-12.34,-14.88,0
904,20mer_ZEH904,AGTTCTTACATATAAGAGTC,0.0,0.0,-4.74,-4.6,-14.16,-14.9,0
905,20mer_ZEH905,ATTCATCCTCATTAGCGAGA,0.0,0.0,-6.08,-5.68,-12.91,-14.59,0
906,20mer_ZEH906,AAGATCTAGAAGATGACCTC,0.0,0.0,-6.96,-6.71,-12.54,-14.93,0
907,20mer_ZEH907,CAGCATTTAAGGTGGACTTG,0.0,0.0,-6.1,-7.5,-14.56,-14.45,0
908,20mer_ZEH908,TATTAAGAACAGGTCCTAAT,0.0,0.0,-6.31,-6.62,-12.88,-14.94,0
909,20mer_ZEH909,CTTTGTAATTGGCCAGACTT,0.0,0.0,-8.37,-8.38,-12.43,-14.98,0
910,20mer_ZEH910,CCAGTTTATTGTGACTCGGA,0.0,0.0,-5.2,-5.22,-12.63,-14.74,0
911,20mer_ZEH911,TTCACCATCGTACATTGTTG,0.0,0.0,-4.98,-5.66,-13.16,-14.44,0
912,20mer_ZEH912,ATCAAGGAATAGCACAACTC,0.0,0.0,-4.95,-4.55,-14.01,-14.77,0
913,20mer_ZEH913,GCTACTTGTTCTAAAGACCT,0.0,0.0,-5.04,-5.07,-12.88,-14.82,0
914,20mer_ZEH914,TGTAGACCTAGTGTCCGTTC,0.0,0.0,-4.27,-4.84,-14.95,-14.92,0
915,20mer_ZEH915,AGTCATAAACGAAATTCAAG,0.0,0.0,-5.66,-4.92,-12.67,-14.28,0
916,20mer_ZEH916,TTTATTACCTATGGTCTTTG,0.0,0.0,-5.32,-5.69,-13.71,-13.72,0
917,20mer_ZEH917,CTAATTTAAGTTCTTGGCTA,0.0,0.0,-5.09,-5.01,-13.21,-14.31,0
918,20mer_ZEH918,CCTCTAGATAGACCACGTAT,0.0,0.0,-6.79,-6.58,-13.26,-14.69,0
919,20mer_ZEH919,AACCTAGTGTTTGAATACAT,0.0,0.0,-4.41,-4.84,-13.89,-14.87,0
920,20mer_ZEH920,GAAATACTTCAATCAACGGT,0.0,0.0,-8.21,-4.05,-13.97,-14.84,0
921,20mer_ZEH921,CAATAAGAAAGAGACCTATT,0.0,0.0,-4.4,-4.27,-12.74,-14.07,0
922,20mer_ZEH922,AATTATGATTGTTGCACTTC,0.0,0.0,-5.88,-5.56,-12.45,-14.91,0
923,20mer_ZEH923,TGTTATATTACGATTTGCTC,0.0,0.0,-5.66,-4.95,-14.07,-14.89,0
924,20mer_ZEH924,TTCTATTATGGTCTATGACT,0.0,0.0,-4.54,-4.72,-12.03,-14.25,0
925,20mer_ZEH925,AGTCACTTGGGAGATGCGAT,0.0,0.0,-5.4,-5.96,-13.89,-14.74,0
926,20mer_ZEH926,CGATTTAACAATAACTAGAG,0.0,0.0,-5.69,-4.23,-13.08,-14.12,0
927,20mer_ZEH927,GGACTAGATTTAGCATATCC,0.0,0.0,-7.97,-7.97,-11.42,-14.68,0
928,20mer_ZEH928,GGATATAATCTTCCAGGAGT,0.0,0.0,-5.28,-5.96,-14.73,-14.74,0
929,20mer_ZEH929,CTTTGCCCTTAGATATTGTT,0.0,0.0,-4.43,-4.91,-12.26,-14.79,0
930,20mer_ZEH930,GTGGAACCAGACAAATCTTA,0.0,0.0,-5.1,-4.58,-13.3,-14.55,0
931,20mer_ZEH931,GTTACCATGTCTTTGTGTTA,0.0,0.0,-4.82,-5.44,-13.36,-14.03,0
932,20mer_ZEH932,GAACCCTTAATGTATTTGTC,0.0,0.0,-5.29,-5.29,-13.89,-15.0,0
933,20mer_ZEH933,ACTAAATGAACTGAACAGAA,0.0,0.0,-5.87,-4.42,-14.64,-14.23,0
934,20mer_ZEH934,GTGGTTATAAGACCTCTAAA,0.0,0.0,-5.68,-5.66,-13.57,-14.18,0
935,20mer_ZEH935,TAGTATATAGGCTCCATTAA,0.0,0.0,-6.27,-4.96,-11.95,-14.36,0
936,20mer_ZEH936,TACTGTGAATAGAGACGGCT,0.0,0.0,-8.04,-4.28,-12.84,-14.95,0
937,20mer_ZEH937,TATCATCAAGGCAACCCAAG,0.0,0.0,-4.91,-4.47,-12.12,-14.95,0
938,20mer_ZEH938,TTGCTATACATAAGTATGCT,0.0,0.0,-4.59,-4.95,-12.62,-14.56,0
939,20mer_ZEH939,TCCGATGTTTGTTAGTTCAT,0.0,0.0,-5.19,-5.11,-13.92,-14.2,0
940,20mer_ZEH940,ACCAGGTATTGCTGTTAATA,0.0,0.0,-6.88,-7.3,-13.26,-14.79,0
941,20mer_ZEH941,CCTCTTTAACATTTGAAAGG,0.0,0.0,-9.4,-9.49,-14.42,-14.25,0
942,20mer_ZEH942,CATTTATTTGTACTTCAGTG,0.0,0.0,-4.95,-6.19,-12.52,-14.77,0
943,20mer_ZEH943,TACATTGGATATACCTAGAA,0.0,0.0,-5.21,-4.47,-13.98,-14.88,0
944,20mer_ZEH944,TTAATGGCGTCACAAATTTC,0.0,0.0,-5.65,-5.78,-12.83,-14.43,0
945,20mer_ZEH945,TTTATGTTATATTACCGTCG,0.0,0.0,-4.1,-6.31,-12.62,-14.12,0
946,20mer_ZEH946,CATACTATACCTTAGGCAGT,0.0,0.0,-5.89,-6.01,-12.52,-14.46,0
947,20mer_ZEH947,GAATAAAGCCCTGGTAAATT,0.0,0.0,-4.81,-4.76,-12.23,-14.79,0
948,20mer_ZEH948,GAGCACTACTCAGTACTATA,0.0,0.0,-6.82,-6.61,-13.85,-14.59,0
949,20mer_ZEH949,TGTAATAAAGGACCATCCGA,0.0,0.0,-5.19,-6.87,-12.91,-14.44,0
950,20mer_ZEH950,GTCACTGTTTCGATTACTCT,0.0,0.0,-5.29,-5.67,-13.87,-14.9,0
951,20mer_ZEH951,TCGTATCGAAGGTAGAGCTC,0.0,0.0,-9.48,-9.82,-12.77,-14.59,0
952,20mer_ZEH952,CTCGGATTATAATTCCTAGT,0.0,0.0,-5.76,-5.67,-13.42,-14.89,0
953,20mer_ZEH953,CTTTCTAGTACGTCGAATTT,0.0,0.0,-6.61,-6.95,-13.85,-14.45,0
954,20mer_ZEH954,CTGTTAAGAGCATATCCTAA,0.0,0.0,-5.53,-6.15,-12.23,-14.76,0
955,20mer_ZEH955,TTGTACGTTAGTCCTATTTA,0.0,0.0,-6.63,-6.89,-12.49,-14.75,0
956,20mer_ZEH956,TCAAACCATAGTGAAACGAA,0.0,0.0,-5.66,-4.01,-12.9,-14.97,0
957,20mer_ZEH957,TAATACGAAAGACCTAAGAG,0.0,0.0,-5.66,-4.3,-13.2,-13.9,0
958,20mer_ZEH958,TTAGATTATCAGGATCCTAA,0.0,0.0,-9.54,-9.33,-12.1,-13.74,0
959,20mer_ZEH959,CAAGTAAGGCCCATTAATAT,0.0,0.0,-7.19,-7.23,-11.58,-14.75,0
960,20mer_ZEH960,CTACAAAGTGTCCCTAGTTT,0.0,0.0,-4.39,-4.84,-13.7,-14.54,0
961,20mer_ZEH961,TAAAGGTCTAATCAAACCCG,0.0,0.0,-5.44,-5.5,-12.97,-14.94,0
962,20mer_ZEH962,GCGAATGAAATCTAATAATC,0.0,0.0,-9.11,-8.49,-14.2,-14.67,0
963,20mer_ZEH963,ATCCATTGTGTTACTAAGTC,0.0,0.0,-5.53,-5.36,-13.45,-14.92,0
964,20mer_ZEH964,TCTAAATTACGTTAGGACCT,0.0,0.0,-6.67,-6.89,-14.56,-14.45,0
965,20mer_ZEH965,GTGAACATTTAAGCCCATAG,0.0,0.0,-4.28,-4.56,-12.06,-14.89,0
966,20mer_ZEH966,GTTACATAAAGTCCAGTTGG,0.0,0.0,-4.81,-5.52,-12.67,-14.58,0
967,20mer_ZEH967,ATACGTATATCCAACGGTTA,-0.53,0.0,-7.73,-7.47,-12.98,-14.47,0
968,20mer_ZEH968,ATAAGATCAATCTGGCGGAT,0.0,0.0,-5.42,-5.44,-14.83,-14.8,0
969,20mer_ZEH969,TCCAATAAACTATAGGTTCG,0.0,0.0,-6.68,-5.66,-13.58,-14.66,0
970,20mer_ZEH970,AATCAGTACTAGTGCTATTA,0.0,0.0,-6.82,-6.82,-13.85,-14.65,0
971,20mer_ZEH971,CTGTCATCGACCTAGGTTAC,0.0,0.0,-9.66,-9.58,-12.72,-14.93,0
972,20mer_ZEH972,TGTTGAATTACCTATGTTAC,0.0,0.0,-4.91,-4.85,-13.05,-14.82,0
973,20mer_ZEH973,ACTTTCATCGTTGTTTATGC,0.0,0.0,-6.19,-5.66,-14.84,-14.64,0
974,20mer_ZEH974,TATCCTACTATTCTAGTGTG,0.0,0.0,-4.93,-5.69,-13.54,-15.0,0
975,20mer_ZEH975,GTAAATGTAACAGATCCATG,0.0,0.0,-7.6,-8.96,-13.36,-14.14,0
976,20mer_ZEH976,TGTAACATGCACTATCGGCT,0.0,0.0,-6.19,-5.06,-14.32,-14.62,0
977,20mer_ZEH977,ACATAGCATAAGGTTACATT,0.0,0.0,-4.95,-4.55,-11.8,-14.45,0
978,20mer_ZEH978,CTAGTTAAATGAAATCCCGA,0.0,0.0,-6.99,-6.9,-12.36,-14.48,0
979,20mer_ZEH979,ATTAAATTTAAGCCCGCGCA,0.0,0.0,-7.82,-8.75,-13.36,-14.91,0
980,20mer_ZEH980,TTACTATTATTCTCTAGCGG,0.0,0.0,-6.06,-5.43,-13.87,-13.76,0
981,20mer_ZEH981,GATCATCATCTGAGTGTTAT,0.0,0.0,-7.7,-8.04,-13.82,-14.82,0
982,20mer_ZEH982,TCTTATTTGGTACGTATTGC,0.0,0.0,-6.62,-6.62,-13.09,-14.48,0
983,20mer_ZEH983,GTACATCCTTTGAAAGCTTA,0.0,0.0,-7.65,-7.39,-13.81,-14.22,0
984,20mer_ZEH984,GTAGAATGCTAGATCCCTAG,0.0,0.0,-6.9,-7.52,-12.63,-14.64,0
985,20mer_ZEH985,CAACCTTATGGGCTCTTTAT,0.0,0.0,-4.56,-4.12,-14.03,-14.5,0
986,20mer_ZEH986,CTATATTGTTCTGCGGTGAT,0.0,0.0,-4.77,-5.17,-14.23,-14.78,0
987,20mer_ZEH987,CGATAATTAAGATGTCTCTT,0.0,0.0,-5.29,-5.92,-12.17,-13.71,0
988,20mer_ZEH988,TGGTAAGTAATCCTTTGCAA,0.0,0.0,-6.48,-8.7,-14.45,-14.54,0
989,20mer_ZEH989,GGTATATACACCACAGATCT,0.0,0.0,-8.46,-7.84,-13.13,-15.0,0
990,20mer_ZEH990,GGATATACAGCTTTCTTCCG,0.0,0.0,-7.12,-7.86,-13.59,-14.72,0
991,20mer_ZEH991,CGATTCATCATTTACGTGCT,0.0,0.0,-7.03,-6.79,-14.0,-14.38,0
992,20mer_ZEH992,AGCATTAAAGTCTGTCATTG,0.0,0.0,-4.95,-4.56,-13.03,-14.9,0
993,20mer_ZEH993,CTGATTCTTTCTTCGCAAGT,0.0,-0.71,-4.63,-5.4,-13.86,-13.67,0
994,20mer_ZEH994,TTCTATCGTCGAGCTACTTA,0.0,0.0,-6.8,-6.46,-13.38,-14.74,0
995,20mer_ZEH995,ATTCAGGCTAAGTAGGAACC,0.0,0.0,-6.45,-4.51,-13.93,-14.53,0
996,20mer_ZEH996,ATTGTTAAGATACCGTCCAA,0.0,0.0,-4.81,-4.97,-12.15,-14.8,0
997,20mer_ZEH997,TAACATATCGGGAAAGCCAT,0.0,0.0,-4.9,-5.19,-14.47,-14.88,0
998,20mer_ZEH998,AGCTAACCTCTAGTAGATGT,0.0,0.0,-6.48,-6.48,-14.22,-13.86,0
999,20mer_ZEH999,ATCAATCGCGCTGTTCAGTA,-0.72,-1.16,-7.63,-8.6,-13.6,-14.96,0
